ParticipantNumber	FrameRate	BlockCondition	BlockCount	TrialCountInExpt	TrialCountInBlock	TrialState	FrameCount	FrameStart	EyesOpen	VisualTargetPosition	AudioTargetPosition	WandPosition	WandRotation	WandDirection	CorrectedWandDirection	TargetDistance_M_raw	TargetDistance_Angle_raw	TargetDistance_VerticalAngle_raw	TargetDistance_HorizontalAngle_raw	TargetDistance_M_corr	TargetDistance_Angle_corr	TargetDistance_VerticalAngle_corr	TargetDistance_HorizontalAngle_corr	FixationDistance_M	FixationDistance_Angle	FixationDistance_VerticalAngle	FixationDistance_HorizontalAngle
zylia	60	null	0	0	0	ITI	713	23.71843	TRUE	null	null	(0.96, 0.57, -0.96)	(1.59, 97.07, 303.99)	(0.99, -0.03, -0.12)	(-0.56, 0.07, 2.21)	3.541638	204.3107	-163.5625	-122.4344	0	15.19347	-9.95244	-11.48	0	0	0	0
zylia	60	null	0	0	0	StimOn	714	23.75701	TRUE	null	null	(0.96, 0.57, -0.96)	(1.61, 97.05, 303.99)	(0.99, -0.03, -0.12)	(-0.56, 0.07, 2.21)	3.541717	204.2743	-163.5377	-122.4068	0	15.19361	-9.952302	-11.48031	0	0	0	0
zylia	60	null	0	0	0	StimOn	715	23.79113	TRUE	null	(-0.56, 0.07, 2.21)	(0.96, 0.57, -0.96)	(1.61, 97.05, 304.01)	(0.99, -0.03, -0.12)	(-0.56, 0.07, 2.21)	3.541684	204.2704	-163.5324	-122.4073	0	15.19409	-9.952835	-11.48048	0	0	0	0
zylia	60	null	0	0	0	StimOn	716	23.82438	TRUE	null	(-0.56, 0.07, 2.21)	(0.96, 0.57, -0.96)	(1.61, 97.05, 303.98)	(0.99, -0.03, -0.12)	(-0.56, 0.07, 2.21)	3.541709	204.2739	-163.5353	-122.4093	0	15.19418	-9.952894	-11.48055	0	0	0	0
zylia	60	null	0	0	0	StimOn	717	23.85711	TRUE	null	(-0.56, 0.07, 2.21)	(0.96, 0.57, -0.96)	(1.60, 97.05, 303.99)	(0.99, -0.03, -0.12)	(-0.56, 0.07, 2.21)	3.541717	204.2834	-163.5454	-122.4116	0	15.1937	-9.95238	-11.48036	0	0	0	0
zylia	60	null	0	0	0	StimOn	718	23.89064	TRUE	null	(-0.56, 0.07, 2.21)	(0.96, 0.57, -0.96)	(1.59, 97.07, 303.92)	(0.99, -0.03, -0.12)	(-0.56, 0.07, 2.21)	3.541673	204.3023	-163.5586	-122.4255	0	15.19382	-9.952894	-11.48007	0	0	0	0
zylia	60	null	0	0	0	StimOn	719	23.92459	TRUE	null	(-0.56, 0.07, 2.21)	(0.96, 0.57, -0.96)	(1.62, 97.05, 303.98)	(0.99, -0.03, -0.12)	(-0.56, 0.07, 2.21)	3.541707	204.2686	-163.531	-122.4061	0	15.19393	-9.952815	-11.48029	0	0	0	0
zylia	60	null	0	0	0	StimOn	720	23.95793	TRUE	null	(-0.56, 0.07, 2.21)	(0.96, 0.57, -0.96)	(1.60, 97.06, 303.98)	(0.99, -0.03, -0.12)	(-0.56, 0.07, 2.21)	3.541678	204.293	-163.5505	-122.4209	0	15.19378	-9.952737	-11.48015	0	0	0	0
zylia	60	null	0	0	0	StimOn	721	23.99074	TRUE	null	(-0.56, 0.07, 2.21)	(0.96, 0.57, -0.96)	(1.61, 97.05, 303.99)	(0.99, -0.03, -0.12)	(-0.56, 0.07, 2.21)	3.541733	204.2761	-163.5359	-122.4121	0	15.19388	-9.952815	-11.48022	0	0	0	0
zylia	60	null	0	0	0	StimOn	722	24.02402	TRUE	null	(-0.56, 0.07, 2.21)	(0.96, 0.57, -0.96)	(1.60, 97.07, 303.98)	(0.99, -0.03, -0.12)	(-0.56, 0.07, 2.21)	3.541656	204.3039	-163.5572	-122.4301	0	15.19393	-9.952737	-11.48036	0	0	0	0
zylia	60	null	0	0	0	StimOn	723	24.05742	TRUE	null	(-0.56, 0.07, 2.21)	(0.96, 0.57, -0.96)	(1.61, 97.05, 304.00)	(0.99, -0.03, -0.12)	(-0.56, 0.07, 2.21)	3.54171	204.2746	-163.5388	-122.4058	0	15.19353	-9.951926	-11.48053	0	0	0	0
zylia	60	null	0	0	0	StimOn	724	24.09088	TRUE	null	(-0.56, 0.07, 2.21)	(0.96, 0.57, -0.96)	(1.61, 97.05, 304.00)	(0.99, -0.03, -0.12)	(-0.56, 0.07, 2.21)	3.541687	204.2728	-163.5363	-122.4061	0	15.19369	-9.952242	-11.48046	0	0	0	0
zylia	60	null	0	0	0	StimOn	725	24.12439	TRUE	null	(-0.56, 0.07, 2.21)	(0.96, 0.57, -0.96)	(1.61, 97.05, 303.98)	(0.99, -0.03, -0.12)	(-0.56, 0.07, 2.21)	3.541694	204.2769	-163.5382	-122.4105	0	15.1941	-9.953032	-11.48033	0	0	0	0
zylia	60	null	0	0	0	StimOn	726	24.15732	TRUE	null	(-0.56, 0.07, 2.21)	(0.96, 0.57, -0.96)	(1.61, 97.06, 304.02)	(0.99, -0.03, -0.12)	(-0.56, 0.07, 2.21)	3.541672	204.2902	-163.5465	-122.4215	0	15.19403	-9.953013	-11.48024	0	0	0	0
zylia	60	null	0	0	0	StimOn	727	24.19066	TRUE	null	(-0.56, 0.07, 2.21)	(0.96, 0.57, -0.96)	(1.62, 97.05, 303.99)	(0.99, -0.03, -0.12)	(-0.56, 0.07, 2.21)	3.5417	204.2704	-163.5316	-122.4082	0	15.19433	-9.953112	-11.48057	0	0	0	0
zylia	60	null	0	0	0	StimOn	728	24.22347	TRUE	null	(-0.56, 0.07, 2.21)	(0.96, 0.57, -0.96)	(1.62, 97.05, 303.99)	(0.99, -0.03, -0.12)	(-0.56, 0.07, 2.21)	3.541682	204.2693	-163.5291	-122.4099	0	15.19462	-9.953467	-11.48063	0	0	0	0
zylia	60	null	0	0	0	ISI	729	24.25738	TRUE	null	(-0.56, 0.07, 2.21)	(0.96, 0.57, -0.96)	(1.61, 97.04, 304.01)	(0.99, -0.03, -0.12)	(-0.56, 0.07, 2.21)	3.541725	204.2691	-163.5351	-122.4015	0	15.19347	-9.952282	-11.48014	0	0	0	0
zylia	60	null	0	0	0	ISI	730	24.29046	TRUE	null	(-0.56, 0.07, 2.21)	(0.96, 0.57, -0.96)	(1.60, 97.07, 303.98)	(0.99, -0.03, -0.12)	(-0.56, 0.07, 2.21)	3.541642	204.3014	-163.5532	-122.4313	0	15.19409	-9.953211	-11.48015	0	0	0	0
zylia	60	null	0	0	0	ISI	731	24.32405	TRUE	null	(-0.56, 0.07, 2.21)	(0.96, 0.57, -0.96)	(1.61, 97.05, 303.98)	(0.99, -0.03, -0.12)	(-0.56, 0.07, 2.21)	3.541686	204.2783	-163.5384	-122.4125	0	15.19388	-9.952599	-11.48041	0	0	0	0
zylia	60	null	0	0	0	ISI	732	24.35712	TRUE	null	(-0.56, 0.07, 2.21)	(0.96, 0.57, -0.96)	(1.61, 97.05, 303.98)	(0.99, -0.03, -0.12)	(-0.56, 0.07, 2.21)	3.541723	204.2684	-163.5318	-122.4049	0	15.19406	-9.953112	-11.48021	0	0	0	0
zylia	60	null	0	0	0	ISI	733	24.39027	TRUE	null	(-0.56, 0.07, 2.21)	(0.96, 0.57, -0.96)	(1.60, 97.06, 303.95)	(0.99, -0.03, -0.12)	(-0.56, 0.07, 2.21)	3.541678	204.2879	-163.548	-122.4157	0	15.19384	-9.952697	-11.48027	0	0	0	0
zylia	60	null	0	0	0	ISI	734	24.42377	TRUE	null	(-0.56, 0.07, 2.21)	(0.96, 0.57, -0.96)	(1.60, 97.07, 303.95)	(0.99, -0.03, -0.12)	(-0.56, 0.07, 2.21)	3.541655	204.2987	-163.5521	-122.4282	0	15.19414	-9.953132	-11.48029	0	0	0	0
zylia	60	null	0	0	0	ISI	735	24.45716	TRUE	null	(-0.56, 0.07, 2.21)	(0.96, 0.57, -0.96)	(1.61, 97.06, 303.98)	(0.99, -0.03, -0.12)	(-0.56, 0.07, 2.21)	3.541663	204.28	-163.5358	-122.4188	0	15.19475	-9.953349	-11.48091	0	0	0	0
zylia	60	null	0	0	0	ISI	736	24.49007	TRUE	null	(-0.56, 0.07, 2.21)	(0.96, 0.57, -0.96)	(1.60, 97.07, 303.98)	(0.99, -0.03, -0.12)	(-0.56, 0.07, 2.21)	3.541632	204.3078	-163.5588	-122.4345	0	15.19369	-9.952518	-11.48022	0	0	0	0
zylia	60	null	0	0	0	ISI	737	24.52414	TRUE	null	(-0.56, 0.07, 2.21)	(0.96, 0.57, -0.96)	(1.62, 97.05, 304.00)	(0.99, -0.03, -0.12)	(-0.56, 0.07, 2.21)	3.541677	204.2703	-163.5299	-122.4104	0	15.1949	-9.953783	-11.48074	0	0	0	0
zylia	60	null	0	0	0	ISI	738	24.55702	TRUE	null	(-0.56, 0.07, 2.21)	(0.96, 0.57, -0.96)	(1.61, 97.05, 303.97)	(0.99, -0.03, -0.12)	(-0.56, 0.07, 2.21)	3.541708	204.2714	-163.5325	-122.4088	0	15.19417	-9.953171	-11.48029	0	0	0	0
zylia	60	null	0	0	0	ITI	739	24.59074	TRUE	null	(-0.56, 0.07, 2.21)	(0.96, 0.57, -0.96)	(1.61, 97.05, 303.99)	(0.99, -0.03, -0.12)	(-0.56, 0.07, 2.21)	3.541717	204.2742	-163.5348	-122.4105	0	15.19443	-9.953329	-11.4805	0	0	0	0
zylia	60	null	0	1	1	ITI	740	24.62444	TRUE	null	(-0.56, 0.07, 2.21)	(0.96, 0.57, -0.96)	(1.61, 97.05, 303.96)	(0.99, -0.03, -0.12)	(-0.18, 0.48, 2.43)	3.573288	209.7591	-175.0961	-115.5	0	19.32984	-12.5653	-14.68864	0	0	0	0
zylia	60	null	0	1	1	StimOn	741	24.65742	TRUE	null	(-0.56, 0.07, 2.21)	(0.96, 0.57, -0.96)	(1.62, 97.05, 303.97)	(0.99, -0.03, -0.12)	(-0.18, 0.48, 2.43)	3.573278	209.7494	-175.0865	-115.4969	0	19.33094	-12.56638	-14.68916	0	0	0	0
zylia	60	null	0	1	1	StimOn	742	24.69042	TRUE	null	(-0.18, 0.48, 2.43)	(0.96, 0.57, -0.96)	(1.62, 97.05, 303.99)	(0.99, -0.03, -0.12)	(-0.18, 0.48, 2.43)	3.573326	209.7489	-175.0871	-115.4951	0	19.33036	-12.56578	-14.68891	0	0	0	0
zylia	60	null	0	1	1	StimOn	743	24.72415	TRUE	null	(-0.18, 0.48, 2.43)	(0.96, 0.57, -0.96)	(1.60, 97.08, 303.96)	(0.99, -0.03, -0.12)	(-0.18, 0.48, 2.43)	3.573199	209.7832	-175.1068	-115.5274	0	19.33018	-12.56574	-14.6887	0	0	0	0
zylia	60	null	0	1	1	StimOn	744	24.75794	TRUE	null	(-0.18, 0.48, 2.43)	(0.96, 0.57, -0.96)	(1.61, 97.06, 303.97)	(0.99, -0.03, -0.12)	(-0.18, 0.48, 2.43)	3.573284	209.7637	-175.096	-115.5085	0	19.33073	-12.5661	-14.68912	0	0	0	0
zylia	60	null	0	1	1	StimOn	745	24.7904	TRUE	null	(-0.18, 0.48, 2.43)	(0.96, 0.57, -0.96)	(1.60, 97.06, 304.00)	(0.99, -0.03, -0.12)	(-0.18, 0.48, 2.43)	3.573299	209.7655	-175.1013	-115.5036	0	19.33005	-12.56544	-14.68879	0	0	0	0
zylia	60	null	0	1	1	StimOn	746	24.82603	TRUE	null	(-0.18, 0.48, 2.43)	(0.96, 0.57, -0.96)	(1.62, 97.06, 303.98)	(0.99, -0.03, -0.12)	(-0.18, 0.48, 2.43)	3.573267	209.7514	-175.0837	-115.5049	0	19.3312	-12.56657	-14.68934	0	0	0	0
zylia	60	null	0	1	1	StimOn	747	24.85678	TRUE	null	(-0.18, 0.48, 2.43)	(0.96, 0.57, -0.96)	(1.62, 97.06, 303.98)	(0.99, -0.03, -0.12)	(-0.18, 0.48, 2.43)	3.573283	209.7549	-175.0879	-115.5048	0	19.33096	-12.56608	-14.68943	0	0	0	0
zylia	60	null	0	1	1	StimOn	748	24.89049	TRUE	null	(-0.18, 0.48, 2.43)	(0.96, 0.57, -0.96)	(1.61, 97.05, 303.99)	(0.99, -0.03, -0.12)	(-0.18, 0.48, 2.43)	3.573291	209.7526	-175.0895	-115.4982	0	19.33075	-12.56605	-14.68919	0	0	0	0
zylia	60	null	0	1	1	StimOn	749	24.92379	TRUE	null	(-0.18, 0.48, 2.43)	(0.96, 0.57, -0.96)	(1.60, 97.06, 303.98)	(0.99, -0.03, -0.12)	(-0.18, 0.48, 2.43)	3.573268	209.7713	-175.1032	-115.5112	0	19.33015	-12.56536	-14.68899	0	0	0	0
zylia	60	null	0	1	1	StimOn	750	24.95705	TRUE	null	(-0.18, 0.48, 2.43)	(0.96, 0.57, -0.96)	(1.61, 97.05, 304.01)	(0.99, -0.03, -0.12)	(-0.18, 0.48, 2.43)	3.573297	209.7562	-175.092	-115.5009	0	19.33096	-12.56608	-14.68943	0	0	0	0
zylia	60	null	0	1	1	StimOn	751	24.99003	TRUE	null	(-0.18, 0.48, 2.43)	(0.96, 0.57, -0.96)	(1.62, 97.05, 303.99)	(0.99, -0.03, -0.12)	(-0.18, 0.48, 2.43)	3.573307	209.7489	-175.0859	-115.497	0	19.33055	-12.56591	-14.68904	0	0	0	0
zylia	60	null	0	1	1	StimOn	752	25.02373	TRUE	null	(-0.18, 0.48, 2.43)	(0.96, 0.57, -0.96)	(1.61, 97.05, 304.00)	(0.99, -0.03, -0.12)	(-0.18, 0.48, 2.43)	3.573324	209.754	-175.0933	-115.4948	0	19.32968	-12.56486	-14.6888	0	0	0	0
zylia	60	null	0	1	1	StimOn	753	25.05738	TRUE	null	(-0.18, 0.48, 2.43)	(0.96, 0.57, -0.96)	(1.61, 97.05, 303.99)	(0.99, -0.03, -0.12)	(-0.18, 0.48, 2.43)	3.573298	209.7525	-175.0908	-115.496	0	19.33058	-12.56588	-14.68911	0	0	0	0
zylia	60	null	0	1	1	StimOn	754	25.09068	TRUE	null	(-0.18, 0.48, 2.43)	(0.96, 0.57, -0.96)	(1.62, 97.05, 303.99)	(0.99, -0.03, -0.12)	(-0.18, 0.48, 2.43)	3.573289	209.7507	-175.0881	-115.4967	0	19.33051	-12.56572	-14.68915	0	0	0	0
zylia	60	null	0	1	1	StimOn	755	25.12376	TRUE	null	(-0.18, 0.48, 2.43)	(0.96, 0.57, -0.96)	(1.61, 97.05, 303.98)	(0.99, -0.03, -0.12)	(-0.18, 0.48, 2.43)	3.573345	209.7512	-175.0903	-115.4943	0	19.3303	-12.56558	-14.689	0	0	0	0
zylia	60	null	0	1	1	StimOn	756	25.15722	TRUE	null	(-0.18, 0.48, 2.43)	(0.96, 0.57, -0.96)	(1.61, 97.05, 303.99)	(0.99, -0.03, -0.12)	(-0.18, 0.48, 2.43)	3.573323	209.7555	-175.0948	-115.4953	0	19.32997	-12.56531	-14.6888	0	0	0	0
zylia	60	null	0	1	1	ISI	757	25.19049	TRUE	null	(-0.18, 0.48, 2.43)	(0.96, 0.57, -0.96)	(1.59, 97.07, 303.99)	(0.99, -0.03, -0.12)	(-0.18, 0.48, 2.43)	3.573236	209.7888	-175.1188	-115.5194	0	19.32926	-12.56481	-14.68829	0	0	0	0
zylia	60	null	0	1	1	ISI	758	25.22431	TRUE	null	(-0.18, 0.48, 2.43)	(0.96, 0.57, -0.96)	(1.62, 97.05, 303.99)	(0.99, -0.03, -0.12)	(-0.18, 0.48, 2.43)	3.573269	209.7487	-175.0837	-115.4998	0	19.33087	-12.56624	-14.68919	0	0	0	0
zylia	60	null	0	1	1	ISI	759	25.25762	TRUE	null	(-0.18, 0.48, 2.43)	(0.96, 0.57, -0.96)	(1.61, 97.05, 304.01)	(0.99, -0.03, -0.12)	(-0.18, 0.48, 2.43)	3.573294	209.7514	-175.0906	-115.4942	0	19.33043	-12.56566	-14.68911	0	0	0	0
zylia	60	null	0	1	1	ISI	760	25.29088	TRUE	null	(-0.18, 0.48, 2.43)	(0.96, 0.57, -0.96)	(1.61, 97.05, 303.99)	(0.99, -0.03, -0.12)	(-0.18, 0.48, 2.43)	3.573313	209.7526	-175.0914	-115.4952	0	19.33033	-12.56555	-14.68907	0	0	0	0
zylia	60	null	0	1	1	ISI	761	25.32419	TRUE	null	(-0.18, 0.48, 2.43)	(0.96, 0.57, -0.96)	(1.62, 97.05, 303.99)	(0.99, -0.03, -0.12)	(-0.18, 0.48, 2.43)	3.573298	209.7494	-175.0874	-115.4955	0	19.33045	-12.56575	-14.68905	0	0	0	0
zylia	60	null	0	1	1	ISI	762	25.35748	TRUE	null	(-0.18, 0.48, 2.43)	(0.96, 0.57, -0.96)	(1.60, 97.06, 303.96)	(0.99, -0.03, -0.12)	(-0.18, 0.48, 2.43)	3.573304	209.7645	-175.1002	-115.5036	0	19.32979	-12.56541	-14.68848	0	0	0	0
zylia	60	null	0	1	1	ISI	763	25.39111	TRUE	null	(-0.18, 0.48, 2.43)	(0.96, 0.57, -0.96)	(1.62, 97.05, 304.00)	(0.99, -0.03, -0.12)	(-0.18, 0.48, 2.43)	3.573286	209.748	-175.0862	-115.4948	0	19.33038	-12.56556	-14.68912	0	0	0	0
zylia	60	null	0	1	1	ISI	764	25.4238	TRUE	null	(-0.18, 0.48, 2.43)	(0.96, 0.57, -0.96)	(1.61, 97.05, 303.98)	(0.99, -0.03, -0.12)	(-0.18, 0.48, 2.43)	3.573308	209.7526	-175.0911	-115.4956	0	19.33028	-12.5656	-14.68896	0	0	0	0
zylia	60	null	0	1	1	ISI	765	25.45675	TRUE	null	(-0.18, 0.48, 2.43)	(0.96, 0.57, -0.96)	(1.61, 97.06, 303.97)	(0.99, -0.03, -0.12)	(-0.18, 0.48, 2.43)	3.573306	209.7606	-175.0966	-115.5018	0	19.3306	-12.56585	-14.68916	0	0	0	0
zylia	60	null	0	1	1	ISI	766	25.49052	TRUE	null	(-0.18, 0.48, 2.43)	(0.96, 0.57, -0.96)	(1.61, 97.05, 303.97)	(0.99, -0.03, -0.12)	(-0.18, 0.48, 2.43)	3.573302	209.7554	-175.0925	-115.4988	0	19.33021	-12.56569	-14.68879	0	0	0	0
zylia	60	null	0	1	1	ISI	767	25.52431	TRUE	null	(-0.18, 0.48, 2.43)	(0.96, 0.57, -0.96)	(1.60, 97.07, 303.99)	(0.99, -0.03, -0.12)	(-0.18, 0.48, 2.43)	3.573257	209.7771	-175.1066	-115.5166	0	19.32977	-12.56531	-14.68853	0	0	0	0
zylia	60	null	0	1	1	ISI	768	25.55707	TRUE	null	(-0.18, 0.48, 2.43)	(0.96, 0.57, -0.96)	(1.61, 97.05, 303.98)	(0.99, -0.03, -0.12)	(-0.18, 0.48, 2.43)	3.573298	209.7508	-175.0888	-115.496	0	19.33051	-12.56586	-14.68903	0	0	0	0
zylia	60	null	0	1	1	ISI	769	25.59105	TRUE	null	(-0.18, 0.48, 2.43)	(0.96, 0.57, -0.96)	(1.60, 97.06, 303.98)	(0.99, -0.03, -0.12)	(-0.18, 0.48, 2.43)	3.573326	209.7662	-175.1009	-115.5056	0	19.33036	-12.56561	-14.68905	0	0	0	0
zylia	60	null	0	1	1	ISI	770	25.624	TRUE	null	(-0.18, 0.48, 2.43)	(0.96, 0.57, -0.96)	(1.61, 97.06, 303.96)	(0.99, -0.03, -0.12)	(-0.18, 0.48, 2.43)	3.573266	209.765	-175.0984	-115.5073	0	19.33031	-12.5658	-14.68883	0	0	0	0
zylia	60	null	0	1	1	ISI	771	25.6574	TRUE	null	(-0.18, 0.48, 2.43)	(0.96, 0.57, -0.96)	(1.61, 97.05, 303.98)	(0.99, -0.03, -0.12)	(-0.18, 0.48, 2.43)	3.573315	209.7518	-175.0882	-115.4986	0	19.33058	-12.56588	-14.68911	0	0	0	0
zylia	60	null	0	1	1	ISI	772	25.69061	TRUE	null	(-0.18, 0.48, 2.43)	(0.96, 0.57, -0.96)	(1.61, 97.05, 303.98)	(0.99, -0.03, -0.12)	(-0.18, 0.48, 2.43)	3.573306	209.7519	-175.091	-115.4947	0	19.33038	-12.56566	-14.68904	0	0	0	0
zylia	60	null	0	1	1	ISI	773	25.72421	TRUE	null	(-0.18, 0.48, 2.43)	(0.96, 0.57, -0.96)	(1.61, 97.05, 303.97)	(0.99, -0.03, -0.12)	(-0.18, 0.48, 2.43)	3.573316	209.7586	-175.0962	-115.4987	0	19.33019	-12.56542	-14.68899	0	0	0	0
zylia	60	null	0	1	1	ISI	774	25.75755	TRUE	null	(-0.18, 0.48, 2.43)	(0.96, 0.57, -0.96)	(1.61, 97.05, 304.04)	(0.99, -0.03, -0.12)	(-0.18, 0.48, 2.43)	3.573302	209.7505	-175.0889	-115.4953	0	19.33039	-12.56563	-14.68908	0	0	0	0
zylia	60	null	0	1	1	ISI	775	25.7908	TRUE	null	(-0.18, 0.48, 2.43)	(0.96, 0.57, -0.96)	(1.60, 97.05, 303.98)	(0.99, -0.03, -0.12)	(-0.18, 0.48, 2.43)	3.573345	209.7636	-175.1027	-115.4982	0	19.32983	-12.56498	-14.68889	0	0	0	0
zylia	60	null	0	1	1	ISI	776	25.82398	TRUE	null	(-0.18, 0.48, 2.43)	(0.96, 0.57, -0.96)	(1.61, 97.05, 303.97)	(0.99, -0.03, -0.12)	(-0.18, 0.48, 2.43)	3.573299	209.754	-175.0921	-115.4968	0	19.33047	-12.56574	-14.6891	0	0	0	0
zylia	60	null	0	1	1	ISI	777	25.85731	TRUE	null	(-0.18, 0.48, 2.43)	(0.96, 0.57, -0.96)	(1.61, 97.05, 304.01)	(0.99, -0.03, -0.12)	(-0.18, 0.48, 2.43)	3.573258	209.7543	-175.091	-115.499	0	19.33059	-12.56566	-14.68931	0	0	0	0
zylia	60	null	0	1	1	ISI	778	25.89027	TRUE	null	(-0.18, 0.48, 2.43)	(0.96, 0.57, -0.96)	(1.61, 97.05, 303.99)	(0.99, -0.03, -0.12)	(-0.18, 0.48, 2.43)	3.573312	209.7521	-175.0909	-115.495	0	19.33081	-12.56607	-14.68926	0	0	0	0
zylia	60	null	0	1	1	ISI	779	25.92475	TRUE	null	(-0.18, 0.48, 2.43)	(0.96, 0.57, -0.96)	(1.62, 97.05, 304.01)	(0.99, -0.03, -0.12)	(-0.18, 0.48, 2.43)	3.573279	209.7494	-175.0862	-115.4974	0	19.33078	-12.56614	-14.68915	0	0	0	0
zylia	60	null	0	1	1	ISI	780	25.95801	TRUE	null	(-0.18, 0.48, 2.43)	(0.96, 0.57, -0.96)	(1.61, 97.05, 303.97)	(0.99, -0.03, -0.12)	(-0.18, 0.48, 2.43)	3.573301	209.7574	-175.0941	-115.4999	0	19.33044	-12.56567	-14.68911	0	0	0	0
zylia	60	null	0	1	1	ISI	781	25.99035	TRUE	null	(-0.18, 0.48, 2.43)	(0.96, 0.57, -0.96)	(1.60, 97.07, 303.97)	(0.99, -0.03, -0.12)	(-0.18, 0.48, 2.43)	3.573264	209.7757	-175.1083	-115.5115	0	19.32956	-12.56505	-14.68848	0	0	0	0
zylia	60	null	0	1	1	ISI	782	26.02429	TRUE	null	(-0.18, 0.48, 2.43)	(0.96, 0.57, -0.96)	(1.60, 97.06, 303.99)	(0.99, -0.03, -0.12)	(-0.18, 0.48, 2.43)	3.573267	209.7769	-175.1104	-115.5106	0	19.32973	-12.565	-14.68875	0	0	0	0
zylia	60	null	0	1	1	ISI	783	26.05769	TRUE	null	(-0.18, 0.48, 2.43)	(0.96, 0.57, -0.96)	(1.62, 97.05, 303.99)	(0.99, -0.03, -0.12)	(-0.18, 0.48, 2.43)	3.573291	209.7502	-175.0882	-115.4957	0	19.33025	-12.56545	-14.68904	0	0	0	0
zylia	60	null	0	1	1	ISI	784	26.09068	TRUE	null	(-0.18, 0.48, 2.43)	(0.96, 0.57, -0.96)	(1.61, 97.05, 304.00)	(0.99, -0.03, -0.12)	(-0.18, 0.48, 2.43)	3.57329	209.7496	-175.0898	-115.4924	0	19.33052	-12.56581	-14.68908	0	0	0	0
zylia	60	null	0	1	1	ISI	785	26.12348	TRUE	null	(-0.18, 0.48, 2.43)	(0.96, 0.57, -0.96)	(1.61, 97.06, 303.97)	(0.99, -0.03, -0.12)	(-0.18, 0.48, 2.43)	3.573287	209.759	-175.0924	-115.5054	0	19.33072	-12.56597	-14.68922	0	0	0	0
zylia	60	null	0	1	1	ISI	786	26.1577	TRUE	null	(-0.18, 0.48, 2.43)	(0.96, 0.57, -0.96)	(1.62, 97.05, 303.98)	(0.99, -0.03, -0.12)	(-0.18, 0.48, 2.43)	3.573278	209.7507	-175.0882	-115.4966	0	19.33043	-12.56553	-14.68922	0	0	0	0
zylia	60	null	0	1	1	ISI	787	26.19039	TRUE	null	(-0.18, 0.48, 2.43)	(0.96, 0.57, -0.96)	(1.60, 97.06, 303.99)	(0.99, -0.03, -0.12)	(-0.18, 0.48, 2.43)	3.573293	209.7679	-175.1029	-115.5056	0	19.32988	-12.56541	-14.6886	0	0	0	0
zylia	60	null	0	1	1	ITI	788	26.22385	TRUE	null	(-0.18, 0.48, 2.43)	(0.96, 0.57, -0.96)	(1.62, 97.05, 303.98)	(0.99, -0.03, -0.12)	(-0.18, 0.48, 2.43)	3.573299	209.7495	-175.0866	-115.4968	0	19.33041	-12.56556	-14.68916	0	0	0	0
zylia	60	null	0	2	2	ITI	789	26.25836	TRUE	null	(-0.18, 0.48, 2.43)	(0.96, 0.57, -0.96)	(1.61, 97.05, 303.99)	(0.99, -0.03, -0.12)	(2.27, -0.02, 1.07)	2.238742	69.30762	-27.41541	-63.65486	0	35.34982	-15.51976	-31.76078	0	0	0	0
zylia	60	null	0	2	2	StimOn	790	26.29065	TRUE	null	(-0.18, 0.48, 2.43)	(0.96, 0.57, -0.96)	(1.61, 97.04, 304.00)	(0.99, -0.03, -0.12)	(2.27, -0.02, 1.07)	2.238583	69.29462	-27.40547	-63.64499	0	35.34973	-15.51889	-31.7611	0	0	0	0
zylia	60	null	0	2	2	StimOn	791	26.3237	TRUE	null	(2.27, -0.02, 1.07)	(0.96, 0.57, -0.96)	(1.61, 97.05, 303.99)	(0.99, -0.03, -0.12)	(2.27, -0.02, 1.07)	2.238594	69.29742	-27.40481	-63.64832	0	35.3492	-15.51994	-31.75999	0	0	0	0
zylia	60	null	0	2	2	StimOn	792	26.35715	TRUE	null	(2.27, -0.02, 1.07)	(0.96, 0.57, -0.96)	(1.62, 97.05, 303.99)	(0.99, -0.03, -0.12)	(2.27, -0.02, 1.07)	2.238632	69.2976	-27.40433	-63.64872	0	35.34995	-15.52014	-31.76073	0	0	0	0
zylia	60	null	0	2	2	StimOn	793	26.39087	TRUE	null	(2.27, -0.02, 1.07)	(0.96, 0.57, -0.96)	(1.61, 97.05, 303.99)	(0.99, -0.03, -0.12)	(2.27, -0.02, 1.07)	2.238607	69.29684	-27.40475	-63.64772	0	35.34974	-15.51993	-31.76061	0	0	0	0
zylia	60	null	0	2	2	StimOn	794	26.42399	TRUE	null	(2.27, -0.02, 1.07)	(0.96, 0.57, -0.96)	(1.61, 97.06, 303.99)	(0.99, -0.03, -0.12)	(2.27, -0.02, 1.07)	2.238804	69.3124	-27.41802	-63.65894	0	35.34999	-15.52086	-31.76043	0	0	0	0
zylia	60	null	0	2	2	StimOn	795	26.4574	TRUE	null	(2.27, -0.02, 1.07)	(0.96, 0.57, -0.96)	(1.62, 97.05, 303.99)	(0.99, -0.03, -0.12)	(2.27, -0.02, 1.07)	2.238604	69.2965	-27.40322	-63.64801	0	35.34968	-15.51999	-31.76051	0	0	0	0
zylia	60	null	0	2	2	StimOn	796	26.49097	TRUE	null	(2.27, -0.02, 1.07)	(0.96, 0.57, -0.96)	(1.62, 97.06, 303.98)	(0.99, -0.03, -0.12)	(2.27, -0.02, 1.07)	2.238702	69.30534	-27.41104	-63.65426	0	35.34982	-15.52111	-31.76012	0	0	0	0
zylia	60	null	0	2	2	StimOn	797	26.52432	TRUE	null	(2.27, -0.02, 1.07)	(0.96, 0.57, -0.96)	(1.62, 97.06, 303.97)	(0.99, -0.03, -0.12)	(2.27, -0.02, 1.07)	2.238696	69.30294	-27.40722	-63.65329	0	35.34941	-15.52027	-31.76007	0	0	0	0
zylia	60	null	0	2	2	StimOn	798	26.55703	TRUE	null	(2.27, -0.02, 1.07)	(0.96, 0.57, -0.96)	(1.62, 97.05, 304.00)	(0.99, -0.03, -0.12)	(2.27, -0.02, 1.07)	2.238622	69.29861	-27.4056	-63.64927	0	35.34975	-15.52049	-31.76034	0	0	0	0
zylia	60	null	0	2	2	StimOn	799	26.59035	TRUE	null	(2.27, -0.02, 1.07)	(0.96, 0.57, -0.96)	(1.61, 97.06, 304.00)	(0.99, -0.03, -0.12)	(2.27, -0.02, 1.07)	2.238846	69.31541	-27.42072	-63.66105	0	35.34971	-15.52046	-31.76031	0	0	0	0
zylia	60	null	0	2	2	StimOn	800	26.62327	TRUE	null	(2.27, -0.02, 1.07)	(0.96, 0.57, -0.96)	(1.61, 97.06, 303.98)	(0.99, -0.03, -0.12)	(2.27, -0.02, 1.07)	2.23879	69.31062	-27.41804	-63.65699	0	35.34939	-15.51939	-31.76048	0	0	0	0
zylia	60	null	0	2	2	StimOn	801	26.65698	TRUE	null	(2.27, -0.02, 1.07)	(0.96, 0.57, -0.96)	(1.62, 97.06, 303.98)	(0.99, -0.03, -0.12)	(2.27, -0.02, 1.07)	2.238729	69.30519	-27.41019	-63.65446	0	35.34985	-15.52088	-31.76025	0	0	0	0
zylia	60	null	0	2	2	StimOn	802	26.69045	TRUE	null	(2.27, -0.02, 1.07)	(0.96, 0.57, -0.96)	(1.61, 97.05, 303.99)	(0.99, -0.03, -0.12)	(2.27, -0.02, 1.07)	2.238687	69.30395	-27.41276	-63.652	0	35.35006	-15.51991	-31.76097	0	0	0	0
zylia	60	null	0	2	2	StimOn	803	26.72468	TRUE	null	(2.27, -0.02, 1.07)	(0.96, 0.57, -0.96)	(1.61, 97.05, 304.00)	(0.99, -0.03, -0.12)	(2.27, -0.02, 1.07)	2.238594	69.29564	-27.40439	-63.64656	0	35.34969	-15.51934	-31.76083	0	0	0	0
zylia	60	null	0	2	2	StimOn	804	26.75707	TRUE	null	(2.27, -0.02, 1.07)	(0.96, 0.57, -0.96)	(1.61, 97.05, 303.95)	(0.99, -0.03, -0.12)	(2.27, -0.02, 1.07)	2.238705	69.3036	-27.41138	-63.65222	0	35.34936	-15.51993	-31.76018	0	0	0	0
zylia	60	null	0	2	2	ISI	805	26.79072	TRUE	null	(2.27, -0.02, 1.07)	(0.96, 0.57, -0.96)	(1.61, 97.06, 303.99)	(0.99, -0.03, -0.12)	(2.27, -0.02, 1.07)	2.238799	69.31089	-27.41515	-63.65853	0	35.34963	-15.51982	-31.76053	0	0	0	0
zylia	60	null	0	2	2	ISI	806	26.824	TRUE	null	(2.27, -0.02, 1.07)	(0.96, 0.57, -0.96)	(1.60, 97.05, 303.99)	(0.99, -0.03, -0.12)	(2.27, -0.02, 1.07)	2.238778	69.30867	-27.41772	-63.65501	0	35.35003	-15.51873	-31.76152	0	0	0	0
zylia	60	null	0	2	2	ISI	807	26.85746	TRUE	null	(2.27, -0.02, 1.07)	(0.96, 0.57, -0.96)	(1.61, 97.06, 303.99)	(0.99, -0.03, -0.12)	(2.27, -0.02, 1.07)	2.238759	69.30959	-27.41617	-63.65667	0	35.34879	-15.51894	-31.76003	0	0	0	0
zylia	60	null	0	2	2	ISI	808	26.89097	TRUE	null	(2.27, -0.02, 1.07)	(0.96, 0.57, -0.96)	(1.62, 97.05, 303.98)	(0.99, -0.03, -0.12)	(2.27, -0.02, 1.07)	2.238655	69.3003	-27.40594	-63.65097	0	35.34983	-15.52033	-31.76051	0	0	0	0
zylia	60	null	0	2	2	ISI	809	26.92348	TRUE	null	(2.27, -0.02, 1.07)	(0.96, 0.57, -0.96)	(1.62, 97.05, 304.01)	(0.99, -0.03, -0.12)	(2.27, -0.02, 1.07)	2.238593	69.29536	-27.40223	-63.64719	0	35.34976	-15.5197	-31.76074	0	0	0	0
zylia	60	null	0	2	2	ISI	810	26.95716	TRUE	null	(2.27, -0.02, 1.07)	(0.96, 0.57, -0.96)	(1.61, 97.05, 303.96)	(0.99, -0.03, -0.12)	(2.27, -0.02, 1.07)	2.238703	69.30483	-27.41377	-63.65253	0	35.34924	-15.51965	-31.76018	0	0	0	0
zylia	60	null	0	2	2	ISI	811	26.99043	TRUE	null	(2.27, -0.02, 1.07)	(0.96, 0.57, -0.96)	(1.61, 97.05, 303.98)	(0.99, -0.03, -0.12)	(2.27, -0.02, 1.07)	2.238659	69.2996	-27.40903	-63.64888	0	35.35004	-15.51891	-31.76143	0	0	0	0
zylia	60	null	0	2	2	ISI	812	27.02442	TRUE	null	(2.27, -0.02, 1.07)	(0.96, 0.57, -0.96)	(1.60, 97.07, 303.99)	(0.99, -0.03, -0.12)	(2.27, -0.02, 1.07)	2.239045	69.33263	-27.43748	-63.6726	0	35.34763	-15.51952	-31.75845	0	0	0	0
zylia	60	null	0	2	2	ISI	813	27.05744	TRUE	null	(2.27, -0.02, 1.07)	(0.96, 0.57, -0.96)	(1.60, 97.06, 304.00)	(0.99, -0.03, -0.12)	(2.27, -0.02, 1.07)	2.238904	69.32058	-27.42835	-63.66339	0	35.34885	-15.51889	-31.76012	0	0	0	0
zylia	60	null	0	2	2	ISI	814	27.09037	TRUE	null	(2.27, -0.02, 1.07)	(0.96, 0.57, -0.96)	(1.62, 97.05, 303.99)	(0.99, -0.03, -0.12)	(2.27, -0.02, 1.07)	2.238672	69.3013	-27.40672	-63.65172	0	35.35004	-15.52114	-31.76034	0	0	0	0
zylia	60	null	0	2	2	ITI	815	27.12389	TRUE	null	(2.27, -0.02, 1.07)	(0.96, 0.57, -0.96)	(1.62, 97.05, 303.98)	(0.99, -0.03, -0.12)	(2.27, -0.02, 1.07)	2.238638	69.29765	-27.40269	-63.64948	0	35.35017	-15.52101	-31.76056	0	0	0	0
zylia	60	null	0	3	3	ITI	816	27.15752	TRUE	null	(2.27, -0.02, 1.07)	(0.96, 0.57, -0.96)	(1.62, 97.05, 303.98)	(0.99, -0.03, -0.12)	(2.59, 0.43, 0.70)	1.846855	52.50757	-3.71262	-52.37616	0	33.46735	-12.96365	-30.85461	0	0	0	0
zylia	60	null	0	3	3	StimOn	817	27.19072	TRUE	null	(2.27, -0.02, 1.07)	(0.96, 0.57, -0.96)	(1.61, 97.05, 303.98)	(0.99, -0.03, -0.12)	(2.59, 0.43, 0.70)	1.846775	52.504	-3.715573	-52.37236	0	33.46752	-12.9633	-30.85495	0	0	0	0
zylia	60	null	0	3	3	StimOn	818	27.22358	TRUE	null	(2.59, 0.43, 0.70)	(0.96, 0.57, -0.96)	(1.61, 97.05, 304.01)	(0.99, -0.03, -0.12)	(2.59, 0.43, 0.70)	1.846741	52.50317	-3.714782	-52.37158	0	33.46695	-12.96291	-30.8545	0	0	0	0
zylia	60	null	0	3	3	StimOn	819	27.25752	TRUE	null	(2.59, 0.43, 0.70)	(0.96, 0.57, -0.96)	(1.61, 97.05, 303.99)	(0.99, -0.03, -0.12)	(2.59, 0.43, 0.70)	1.846794	52.50542	-3.719154	-52.37353	0	33.46733	-12.96294	-30.8549	0	0	0	0
zylia	60	null	0	3	3	StimOn	820	27.29031	TRUE	null	(2.59, 0.43, 0.70)	(0.96, 0.57, -0.96)	(1.60, 97.06, 303.99)	(0.99, -0.03, -0.12)	(2.59, 0.43, 0.70)	1.847156	52.52047	-3.729564	-52.38788	0	33.46663	-12.9628	-30.85419	0	0	0	0
zylia	60	null	0	3	3	StimOn	821	27.32428	TRUE	null	(2.59, 0.43, 0.70)	(0.96, 0.57, -0.96)	(1.61, 97.05, 303.99)	(0.99, -0.03, -0.12)	(2.59, 0.43, 0.70)	1.846762	52.50394	-3.718996	-52.37206	0	33.46748	-12.9626	-30.8552	0	0	0	0
zylia	60	null	0	3	3	StimOn	822	27.35734	TRUE	null	(2.59, 0.43, 0.70)	(0.96, 0.57, -0.96)	(1.61, 97.05, 304.00)	(0.99, -0.03, -0.12)	(2.59, 0.43, 0.70)	1.846761	52.5044	-3.716205	-52.37272	0	33.46685	-12.96312	-30.8543	0	0	0	0
zylia	60	null	0	3	3	StimOn	823	27.39028	TRUE	null	(2.59, 0.43, 0.70)	(0.96, 0.57, -0.96)	(1.61, 97.06, 304.00)	(0.99, -0.03, -0.12)	(2.59, 0.43, 0.70)	1.847016	52.51485	-3.72247	-52.38276	0	33.467	-12.9635	-30.8543	0	0	0	0
zylia	60	null	0	3	3	StimOn	824	27.42392	TRUE	null	(2.59, 0.43, 0.70)	(0.96, 0.57, -0.96)	(1.59, 97.07, 303.97)	(0.99, -0.03, -0.12)	(2.59, 0.43, 0.70)	1.847245	52.52394	-3.735544	-52.39093	0	33.46537	-12.96154	-30.85336	0	0	0	0
zylia	60	null	0	3	3	StimOn	825	27.4575	TRUE	null	(2.59, 0.43, 0.70)	(0.96, 0.57, -0.96)	(1.60, 97.06, 303.96)	(0.99, -0.03, -0.12)	(2.59, 0.43, 0.70)	1.847086	52.51756	-3.730929	-52.38487	0	33.46625	-12.96271	-30.85382	0	0	0	0
zylia	60	null	0	3	3	StimOn	826	27.49061	TRUE	null	(2.59, 0.43, 0.70)	(0.96, 0.57, -0.96)	(1.60, 97.06, 304.00)	(0.99, -0.03, -0.12)	(2.59, 0.43, 0.70)	1.846984	52.51299	-3.729617	-52.38037	0	33.46629	-12.96263	-30.85389	0	0	0	0
zylia	60	null	0	3	3	StimOn	827	27.52447	TRUE	null	(2.59, 0.43, 0.70)	(0.96, 0.57, -0.96)	(1.61, 97.05, 303.99)	(0.99, -0.03, -0.12)	(2.59, 0.43, 0.70)	1.846756	52.50381	-3.718522	-52.37197	0	33.46717	-12.96304	-30.85467	0	0	0	0
zylia	60	null	0	3	3	StimOn	828	27.55711	TRUE	null	(2.59, 0.43, 0.70)	(0.96, 0.57, -0.96)	(1.61, 97.06, 304.00)	(0.99, -0.03, -0.12)	(2.59, 0.43, 0.70)	1.8469	52.51035	-3.718996	-52.37848	0	33.46724	-12.96388	-30.85439	0	0	0	0
zylia	60	null	0	3	3	StimOn	829	27.59035	TRUE	null	(2.59, 0.43, 0.70)	(0.96, 0.57, -0.96)	(1.60, 97.08, 303.96)	(0.99, -0.03, -0.12)	(2.59, 0.43, 0.70)	1.847385	52.53073	-3.736174	-52.39769	0	33.46457	-12.96208	-30.85225	0	0	0	0
zylia	60	null	0	3	3	StimOn	830	27.62367	TRUE	null	(2.59, 0.43, 0.70)	(0.96, 0.57, -0.96)	(1.59, 97.08, 303.96)	(0.99, -0.03, -0.12)	(2.59, 0.43, 0.70)	1.847463	52.53389	-3.742457	-52.40042	0	33.46426	-12.96193	-30.85199	0	0	0	0
zylia	60	null	0	3	3	StimOn	831	27.6573	TRUE	null	(2.59, 0.43, 0.70)	(0.96, 0.57, -0.96)	(1.61, 97.05, 303.97)	(0.99, -0.03, -0.12)	(2.59, 0.43, 0.70)	1.846811	52.50624	-3.717996	-52.37444	0	33.4673	-12.9635	-30.85463	0	0	0	0
zylia	60	null	0	3	3	StimOn	832	27.6906	TRUE	null	(2.59, 0.43, 0.70)	(0.96, 0.57, -0.96)	(1.61, 97.06, 303.99)	(0.99, -0.03, -0.12)	(2.59, 0.43, 0.70)	1.846937	52.51117	-3.724731	-52.3789	0	33.46673	-12.96246	-30.85444	0	0	0	0
zylia	60	null	0	3	3	ISI	833	27.72435	TRUE	null	(2.59, 0.43, 0.70)	(0.96, 0.57, -0.96)	(1.61, 97.04, 304.01)	(0.99, -0.03, -0.12)	(2.59, 0.43, 0.70)	1.846669	52.4996	-3.720207	-52.36763	0	33.4673	-12.96167	-30.85539	0	0	0	0
zylia	60	null	0	3	3	ISI	834	27.75725	TRUE	null	(2.59, 0.43, 0.70)	(0.96, 0.57, -0.96)	(1.61, 97.05, 303.99)	(0.99, -0.03, -0.12)	(2.59, 0.43, 0.70)	1.846832	52.50711	-3.723206	-52.37494	0	33.46636	-12.96281	-30.85389	0	0	0	0
zylia	60	null	0	3	3	ISI	835	27.79063	TRUE	null	(2.59, 0.43, 0.70)	(0.96, 0.57, -0.96)	(1.61, 97.06, 304.00)	(0.99, -0.03, -0.12)	(2.59, 0.43, 0.70)	1.847095	52.51819	-3.723259	-52.38604	0	33.46606	-12.96373	-30.85318	0	0	0	0
zylia	60	null	0	3	3	ISI	836	27.82395	TRUE	null	(2.59, 0.43, 0.70)	(0.96, 0.57, -0.96)	(1.61, 97.05, 304.00)	(0.99, -0.03, -0.12)	(2.59, 0.43, 0.70)	1.84688	52.50919	-3.720523	-52.37722	0	33.46691	-12.96251	-30.85462	0	0	0	0
zylia	60	null	0	3	3	ISI	837	27.85739	TRUE	null	(2.59, 0.43, 0.70)	(0.96, 0.57, -0.96)	(1.60, 97.06, 303.99)	(0.99, -0.03, -0.12)	(2.59, 0.43, 0.70)	1.847029	52.51492	-3.730509	-52.38224	0	33.46693	-12.96289	-30.85448	0	0	0	0
zylia	60	null	0	3	3	ISI	838	27.88811	TRUE	null	(2.59, 0.43, 0.70)	(0.96, 0.57, -0.96)	(1.61, 97.05, 304.00)	(0.99, -0.03, -0.12)	(2.59, 0.43, 0.70)	1.846838	52.50808	-3.718417	-52.37626	0	33.46704	-12.96371	-30.85425	0	0	0	0
zylia	60	null	0	3	3	ISI	839	27.92407	TRUE	null	(2.59, 0.43, 0.70)	(0.96, 0.57, -0.96)	(1.61, 97.05, 303.99)	(0.99, -0.03, -0.12)	(2.59, 0.43, 0.70)	1.846777	52.50476	-3.72126	-52.37272	0	33.46705	-12.96285	-30.85463	0	0	0	0
zylia	60	null	0	3	3	ISI	840	27.95677	TRUE	null	(2.59, 0.43, 0.70)	(0.96, 0.57, -0.96)	(1.61, 97.05, 303.97)	(0.99, -0.03, -0.12)	(2.59, 0.43, 0.70)	1.846745	52.50311	-3.717364	-52.37134	0	33.46727	-12.96297	-30.85482	0	0	0	0
zylia	60	null	0	3	3	ISI	841	27.99038	TRUE	null	(2.59, 0.43, 0.70)	(0.96, 0.57, -0.96)	(1.61, 97.05, 303.98)	(0.99, -0.03, -0.12)	(2.59, 0.43, 0.70)	1.846901	52.50985	-3.718049	-52.37805	0	33.46729	-12.9637	-30.85453	0	0	0	0
zylia	60	null	0	3	3	ISI	842	28.0239	TRUE	null	(2.59, 0.43, 0.70)	(0.96, 0.57, -0.96)	(1.60, 97.07, 303.99)	(0.99, -0.03, -0.12)	(2.59, 0.43, 0.70)	1.847291	52.52607	-3.733447	-52.39322	0	33.46526	-12.9626	-30.85279	0	0	0	0
zylia	60	null	0	3	3	ISI	843	28.05693	TRUE	null	(2.59, 0.43, 0.70)	(0.96, 0.57, -0.96)	(1.61, 97.05, 304.00)	(0.99, -0.03, -0.12)	(2.59, 0.43, 0.70)	1.846806	52.5064	-3.717311	-52.37465	0	33.46695	-12.96353	-30.85423	0	0	0	0
zylia	60	null	0	3	3	ISI	844	28.09071	TRUE	null	(2.59, 0.43, 0.70)	(0.96, 0.57, -0.96)	(1.61, 97.05, 303.97)	(0.99, -0.03, -0.12)	(2.59, 0.43, 0.70)	1.84684	52.50702	-3.720312	-52.37506	0	33.46787	-12.96382	-30.85511	0	0	0	0
zylia	60	null	0	3	3	ISI	845	28.12429	TRUE	null	(2.59, 0.43, 0.70)	(0.96, 0.57, -0.96)	(1.61, 97.05, 303.97)	(0.99, -0.03, -0.12)	(2.59, 0.43, 0.70)	1.846897	52.50963	-3.722785	-52.3775	0	33.46751	-12.96335	-30.85491	0	0	0	0
zylia	60	null	0	3	3	ISI	846	28.15706	TRUE	null	(2.59, 0.43, 0.70)	(0.96, 0.57, -0.96)	(1.61, 97.06, 303.98)	(0.99, -0.03, -0.12)	(2.59, 0.43, 0.70)	1.847005	52.51425	-3.724416	-52.38201	0	33.46683	-12.96342	-30.85415	0	0	0	0
zylia	60	null	0	3	3	ISI	847	28.1907	TRUE	null	(2.59, 0.43, 0.70)	(0.96, 0.57, -0.96)	(1.62, 97.05, 304.01)	(0.99, -0.03, -0.12)	(2.59, 0.43, 0.70)	1.846791	52.50571	-3.713095	-52.37426	0	33.46687	-12.96417	-30.85387	0	0	0	0
zylia	60	null	0	3	3	ISI	848	28.22384	TRUE	null	(2.59, 0.43, 0.70)	(0.96, 0.57, -0.96)	(1.61, 97.05, 304.00)	(0.99, -0.03, -0.12)	(2.59, 0.43, 0.70)	1.84671	52.50129	-3.719365	-52.36938	0	33.46717	-12.96225	-30.855	0	0	0	0
zylia	60	null	0	3	3	ISI	849	28.2572	TRUE	null	(2.59, 0.43, 0.70)	(0.96, 0.57, -0.96)	(1.62, 97.05, 304.00)	(0.99, -0.03, -0.12)	(2.59, 0.43, 0.70)	1.846839	52.50816	-3.714044	-52.37665	0	33.46663	-12.96405	-30.85367	0	0	0	0
zylia	60	null	0	3	3	ISI	850	28.29055	TRUE	null	(2.59, 0.43, 0.70)	(0.96, 0.57, -0.96)	(1.61, 97.06, 304.01)	(0.99, -0.03, -0.12)	(2.59, 0.43, 0.70)	1.847108	52.51845	-3.726465	-52.38608	0	33.46667	-12.96345	-30.85397	0	0	0	0
zylia	60	null	0	3	3	ISI	851	28.32401	TRUE	null	(2.59, 0.43, 0.70)	(0.96, 0.57, -0.96)	(1.61, 97.06, 303.99)	(0.99, -0.03, -0.12)	(2.59, 0.43, 0.70)	1.846927	52.51089	-3.719996	-52.37896	0	33.46724	-12.96406	-30.85432	0	0	0	0
zylia	60	null	0	3	3	ISI	852	28.35732	TRUE	null	(2.59, 0.43, 0.70)	(0.96, 0.57, -0.96)	(1.62, 97.05, 304.01)	(0.99, -0.03, -0.12)	(2.59, 0.43, 0.70)	1.846832	52.50727	-3.712567	-52.37585	0	33.46704	-12.9638	-30.85422	0	0	0	0
zylia	60	null	0	3	3	ISI	853	28.3907	TRUE	null	(2.59, 0.43, 0.70)	(0.96, 0.57, -0.96)	(1.61, 97.05, 303.97)	(0.99, -0.03, -0.12)	(2.59, 0.43, 0.70)	1.846785	52.50503	-3.718364	-52.3732	0	33.46714	-12.96313	-30.8546	0	0	0	0
zylia	60	null	0	3	3	ISI	854	28.42353	TRUE	null	(2.59, 0.43, 0.70)	(0.96, 0.57, -0.96)	(1.62, 97.05, 303.98)	(0.99, -0.03, -0.12)	(2.59, 0.43, 0.70)	1.846814	52.50628	-3.713464	-52.3748	0	33.46701	-12.96345	-30.85432	0	0	0	0
zylia	60	null	0	3	3	ISI	855	28.45716	TRUE	null	(2.59, 0.43, 0.70)	(0.96, 0.57, -0.96)	(1.61, 97.05, 303.97)	(0.99, -0.03, -0.12)	(2.59, 0.43, 0.70)	1.846838	52.50698	-3.716732	-52.37527	0	33.46789	-12.96414	-30.855	0	0	0	0
zylia	60	null	0	3	3	ISI	856	28.49013	TRUE	null	(2.59, 0.43, 0.70)	(0.96, 0.57, -0.96)	(1.61, 97.05, 303.98)	(0.99, -0.03, -0.12)	(2.59, 0.43, 0.70)	1.846777	52.50471	-3.718101	-52.3729	0	33.46743	-12.9637	-30.85468	0	0	0	0
zylia	60	null	0	3	3	ISI	857	28.52383	TRUE	null	(2.59, 0.43, 0.70)	(0.96, 0.57, -0.96)	(1.61, 97.04, 304.00)	(0.99, -0.03, -0.12)	(2.59, 0.43, 0.70)	1.846663	52.49954	-3.717943	-52.36773	0	33.46714	-12.96253	-30.85486	0	0	0	0
zylia	60	null	0	3	3	ISI	858	28.55703	TRUE	null	(2.59, 0.43, 0.70)	(0.96, 0.57, -0.96)	(1.61, 97.05, 303.98)	(0.99, -0.03, -0.12)	(2.59, 0.43, 0.70)	1.84671	52.50133	-3.719154	-52.36943	0	33.46772	-12.96329	-30.85517	0	0	0	0
zylia	60	null	0	3	3	ISI	859	28.59103	TRUE	null	(2.59, 0.43, 0.70)	(0.96, 0.57, -0.96)	(1.62, 97.05, 304.00)	(0.99, -0.03, -0.12)	(2.59, 0.43, 0.70)	1.846777	52.50555	-3.713938	-52.37404	0	33.46647	-12.96358	-30.85369	0	0	0	0
zylia	60	null	0	3	3	ISI	860	28.62408	TRUE	null	(2.59, 0.43, 0.70)	(0.96, 0.57, -0.96)	(1.60, 97.07, 303.99)	(0.99, -0.03, -0.12)	(2.59, 0.43, 0.70)	1.847293	52.5271	-3.734601	-52.39417	0	33.46435	-12.96313	-30.85158	0	0	0	0
zylia	60	null	0	3	3	ISI	861	28.65741	TRUE	null	(2.59, 0.43, 0.70)	(0.96, 0.57, -0.96)	(1.62, 97.05, 303.99)	(0.99, -0.03, -0.12)	(2.59, 0.43, 0.70)	1.846842	52.50772	-3.715203	-52.37612	0	33.46686	-12.9633	-30.85423	0	0	0	0
zylia	60	null	0	3	3	ISI	862	28.69094	TRUE	null	(2.59, 0.43, 0.70)	(0.96, 0.57, -0.96)	(1.61, 97.05, 303.99)	(0.99, -0.03, -0.12)	(2.59, 0.43, 0.70)	1.846809	52.50578	-3.717996	-52.37398	0	33.46746	-12.96329	-30.85489	0	0	0	0
zylia	60	null	0	3	3	ISI	863	28.72422	TRUE	null	(2.59, 0.43, 0.70)	(0.96, 0.57, -0.96)	(1.61, 97.05, 303.99)	(0.99, -0.03, -0.12)	(2.59, 0.43, 0.70)	1.846759	52.50411	-3.717048	-52.37237	0	33.4669	-12.96265	-30.85455	0	0	0	0
zylia	60	null	0	3	3	ITI	864	28.75739	TRUE	null	(2.59, 0.43, 0.70)	(0.96, 0.57, -0.96)	(1.62, 97.06, 303.99)	(0.99, -0.03, -0.12)	(2.59, 0.43, 0.70)	1.846907	52.51057	-3.715467	-52.37896	0	33.4669	-12.964	-30.85398	0	0	0	0
zylia	60	null	0	4	4	ITI	865	28.79035	TRUE	null	(2.59, 0.43, 0.70)	(0.96, 0.57, -0.96)	(1.60, 97.07, 303.96)	(0.99, -0.03, -0.12)	(-2.28, 0.13, -0.43)	3.311456	246.558	-170.8156	-177.8001	0	22.99608	-11.25913	20.05123	0	0	0	0
zylia	60	null	0	4	4	StimOn	866	28.82381	TRUE	null	(2.59, 0.43, 0.70)	(0.96, 0.57, -0.96)	(1.61, 97.05, 303.98)	(0.99, -0.03, -0.12)	(-2.28, 0.13, -0.43)	3.311492	246.5333	-170.8008	-177.78	0	22.99625	-11.25932	20.05132	0	0	0	0
zylia	60	null	0	4	4	StimOn	867	28.85737	TRUE	null	(-2.28, 0.13, -0.43)	(0.96, 0.57, -0.96)	(1.61, 97.05, 303.98)	(0.99, -0.03, -0.12)	(-2.28, 0.13, -0.43)	3.311503	246.5359	-170.8049	-177.7798	0	22.99656	-11.25949	20.05157	0	0	0	0
zylia	60	null	0	4	4	StimOn	868	28.89082	TRUE	null	(-2.28, 0.13, -0.43)	(0.96, 0.57, -0.96)	(1.61, 97.05, 304.00)	(0.99, -0.03, -0.12)	(-2.28, 0.13, -0.43)	3.311493	246.5325	-170.801	-177.7787	0	22.99641	-11.25909	20.05163	0	0	0	0
zylia	60	null	0	4	4	StimOn	869	28.92442	TRUE	null	(-2.28, 0.13, -0.43)	(0.96, 0.57, -0.96)	(1.61, 97.06, 303.99)	(0.99, -0.03, -0.12)	(-2.28, 0.13, -0.43)	3.311493	246.5401	-170.7984	-177.7919	0	22.99644	-11.26033	20.05096	0	0	0	0
zylia	60	null	0	4	4	StimOn	870	28.95692	TRUE	null	(-2.28, 0.13, -0.43)	(0.96, 0.57, -0.96)	(1.62, 97.05, 304.00)	(0.99, -0.03, -0.12)	(-2.28, 0.13, -0.43)	3.311488	246.5342	-170.7946	-177.7872	0	22.99589	-11.25996	20.05054	0	0	0	0
zylia	60	null	0	4	4	StimOn	871	28.99018	TRUE	null	(-2.28, 0.13, -0.43)	(0.96, 0.57, -0.96)	(1.61, 97.06, 303.97)	(0.99, -0.03, -0.12)	(-2.28, 0.13, -0.43)	3.311481	246.5383	-170.798	-177.7896	0	22.99589	-11.26021	20.05041	0	0	0	0
zylia	60	null	0	4	4	StimOn	872	29.02369	TRUE	null	(-2.28, 0.13, -0.43)	(0.96, 0.57, -0.96)	(1.62, 97.05, 304.01)	(0.99, -0.03, -0.12)	(-2.28, 0.13, -0.43)	3.311486	246.5352	-170.7954	-177.7879	0	22.99578	-11.2596	20.05061	0	0	0	0
zylia	60	null	0	4	4	StimOn	873	29.05684	TRUE	null	(-2.28, 0.13, -0.43)	(0.96, 0.57, -0.96)	(1.60, 97.06, 303.98)	(0.99, -0.03, -0.12)	(-2.28, 0.13, -0.43)	3.311491	246.5491	-170.8082	-177.7949	0	22.99616	-11.25991	20.05088	0	0	0	0
zylia	60	null	0	4	4	StimOn	874	29.09015	TRUE	null	(-2.28, 0.13, -0.43)	(0.96, 0.57, -0.96)	(1.61, 97.05, 303.99)	(0.99, -0.03, -0.12)	(-2.28, 0.13, -0.43)	3.311493	246.5363	-170.8008	-177.7842	0	22.99617	-11.25963	20.05104	0	0	0	0
zylia	60	null	0	4	4	StimOn	875	29.12384	TRUE	null	(-2.28, 0.13, -0.43)	(0.96, 0.57, -0.96)	(1.61, 97.05, 303.99)	(0.99, -0.03, -0.12)	(-2.28, 0.13, -0.43)	3.31149	246.5356	-170.7995	-177.7845	0	22.99628	-11.25974	20.05111	0	0	0	0
zylia	60	null	0	4	4	StimOn	876	29.15698	TRUE	null	(-2.28, 0.13, -0.43)	(0.96, 0.57, -0.96)	(1.61, 97.05, 304.02)	(0.99, -0.03, -0.12)	(-2.28, 0.13, -0.43)	3.311492	246.5354	-170.7971	-177.7865	0	22.99584	-11.25986	20.05054	0	0	0	0
zylia	60	null	0	4	4	StimOn	877	29.1906	TRUE	null	(-2.28, 0.13, -0.43)	(0.96, 0.57, -0.96)	(1.61, 97.05, 303.99)	(0.99, -0.03, -0.12)	(-2.28, 0.13, -0.43)	3.311493	246.5364	-170.8028	-177.7825	0	22.99653	-11.25976	20.05139	0	0	0	0
zylia	60	null	0	4	4	StimOn	878	29.22371	TRUE	null	(-2.28, 0.13, -0.43)	(0.96, 0.57, -0.96)	(1.60, 97.06, 304.01)	(0.99, -0.03, -0.12)	(-2.28, 0.13, -0.43)	3.31146	246.5517	-170.8127	-177.7942	0	22.99598	-11.25853	20.05145	0	0	0	0
zylia	60	null	0	4	4	StimOn	879	29.25775	TRUE	null	(-2.28, 0.13, -0.43)	(0.96, 0.57, -0.96)	(1.61, 97.05, 303.99)	(0.99, -0.03, -0.12)	(-2.28, 0.13, -0.43)	3.31148	246.5409	-170.8047	-177.7868	0	22.99618	-11.25981	20.05096	0	0	0	0
zylia	60	null	0	4	4	StimOn	880	29.29037	TRUE	null	(-2.28, 0.13, -0.43)	(0.96, 0.57, -0.96)	(1.61, 97.06, 304.00)	(0.99, -0.03, -0.12)	(-2.28, 0.13, -0.43)	3.311513	246.5419	-170.8019	-177.791	0	22.99621	-11.25996	20.0509	0	0	0	0
zylia	60	null	0	4	4	StimOn	881	29.32359	TRUE	null	(-2.28, 0.13, -0.43)	(0.96, 0.57, -0.96)	(1.60, 97.08, 304.00)	(0.99, -0.03, -0.12)	(-2.28, 0.13, -0.43)	3.311408	246.5668	-170.8158	-177.8121	0	22.99513	-11.25944	20.04997	0	0	0	0
zylia	60	null	0	4	4	ISI	882	29.35723	TRUE	null	(-2.28, 0.13, -0.43)	(0.96, 0.57, -0.96)	(1.60, 97.06, 303.98)	(0.99, -0.03, -0.12)	(-2.28, 0.13, -0.43)	3.311464	246.5567	-170.8167	-177.7973	0	22.99614	-11.25923	20.05124	0	0	0	0
zylia	60	null	0	4	4	ISI	883	29.39036	TRUE	null	(-2.28, 0.13, -0.43)	(0.96, 0.57, -0.96)	(1.61, 97.05, 303.98)	(0.99, -0.03, -0.12)	(-2.28, 0.13, -0.43)	3.311496	246.5358	-170.8041	-177.7804	0	22.9966	-11.25928	20.05174	0	0	0	0
zylia	60	null	0	4	4	ISI	884	29.42376	TRUE	null	(-2.28, 0.13, -0.43)	(0.96, 0.57, -0.96)	(1.61, 97.05, 303.99)	(0.99, -0.03, -0.12)	(-2.28, 0.13, -0.43)	3.3115	246.5324	-170.798	-177.7816	0	22.99653	-11.25977	20.05138	0	0	0	0
zylia	60	null	0	4	4	ISI	885	29.45717	TRUE	null	(-2.28, 0.13, -0.43)	(0.96, 0.57, -0.96)	(1.61, 97.05, 304.00)	(0.99, -0.03, -0.12)	(-2.28, 0.13, -0.43)	3.311504	246.5336	-170.7979	-177.7833	0	22.99649	-11.25986	20.05129	0	0	0	0
zylia	60	null	0	4	4	ISI	886	29.4903	TRUE	null	(-2.28, 0.13, -0.43)	(0.96, 0.57, -0.96)	(1.60, 97.07, 303.96)	(0.99, -0.03, -0.12)	(-2.28, 0.13, -0.43)	3.311461	246.5566	-170.8149	-177.7989	0	22.99613	-11.25937	20.05115	0	0	0	0
zylia	60	null	0	4	4	ISI	887	29.52374	TRUE	null	(-2.28, 0.13, -0.43)	(0.96, 0.57, -0.96)	(1.61, 97.07, 303.99)	(0.99, -0.03, -0.12)	(-2.28, 0.13, -0.43)	3.311465	246.5495	-170.8051	-177.7984	0	22.99557	-11.25958	20.05038	0	0	0	0
zylia	60	null	0	4	4	ISI	888	29.55681	TRUE	null	(-2.28, 0.13, -0.43)	(0.96, 0.57, -0.96)	(1.62, 97.05, 303.99)	(0.99, -0.03, -0.12)	(-2.28, 0.13, -0.43)	3.311499	246.533	-170.7965	-177.7837	0	22.99639	-11.25986	20.05117	0	0	0	0
zylia	60	null	0	4	4	ISI	889	29.5912	TRUE	null	(-2.28, 0.13, -0.43)	(0.96, 0.57, -0.96)	(1.60, 97.07, 303.94)	(0.99, -0.03, -0.12)	(-2.28, 0.13, -0.43)	3.311466	246.5558	-170.8093	-177.8031	0	22.996	-11.25991	20.05069	0	0	0	0
zylia	60	null	0	4	4	ISI	890	29.62419	TRUE	null	(-2.28, 0.13, -0.43)	(0.96, 0.57, -0.96)	(1.61, 97.06, 304.01)	(0.99, -0.03, -0.12)	(-2.28, 0.13, -0.43)	3.311493	246.5395	-170.8002	-177.7893	0	22.99632	-11.25986	20.05109	0	0	0	0
zylia	60	null	0	4	4	ISI	891	29.65719	TRUE	null	(-2.28, 0.13, -0.43)	(0.96, 0.57, -0.96)	(1.61, 97.05, 303.99)	(0.99, -0.03, -0.12)	(-2.28, 0.13, -0.43)	3.3115	246.5359	-170.8026	-177.7819	0	22.99644	-11.25944	20.05147	0	0	0	0
zylia	60	null	0	4	4	ITI	892	29.69011	TRUE	null	(-2.28, 0.13, -0.43)	(0.96, 0.57, -0.96)	(1.62, 97.05, 303.99)	(0.99, -0.03, -0.12)	(-2.28, 0.13, -0.43)	3.311483	246.5333	-170.7948	-177.7859	0	22.99569	-11.25984	20.05037	0	0	0	0
zylia	60	null	0	5	5	ITI	893	29.72408	TRUE	null	(-2.28, 0.13, -0.43)	(0.96, 0.57, -0.96)	(1.61, 97.05, 304.01)	(0.99, -0.03, -0.12)	(-2.47, 0.55, -0.03)	3.553658	247.517	-178.105	-171.8815	0	20.6284	-12.81958	16.16135	0	0	0	0
zylia	60	null	0	5	5	StimOn	894	29.75705	TRUE	null	(-2.28, 0.13, -0.43)	(0.96, 0.57, -0.96)	(1.62, 97.05, 304.01)	(0.99, -0.03, -0.12)	(-2.47, 0.55, -0.03)	3.55363	247.5155	-178.0978	-171.8869	0	20.62838	-12.8206	16.16052	0	0	0	0
zylia	60	null	0	5	5	StimOn	895	29.79114	TRUE	null	(-2.47, 0.55, -0.03)	(0.96, 0.57, -0.96)	(1.61, 97.05, 304.00)	(0.99, -0.03, -0.12)	(-2.47, 0.55, -0.03)	3.553636	247.5171	-178.1014	-171.8854	0	20.62833	-12.82023	16.16074	0	0	0	0
zylia	60	null	0	5	5	StimOn	896	29.82383	TRUE	null	(-2.47, 0.55, -0.03)	(0.96, 0.57, -0.96)	(1.61, 97.05, 304.00)	(0.99, -0.03, -0.12)	(-2.47, 0.55, -0.03)	3.553646	247.521	-178.103	-171.8895	0	20.62846	-12.82014	16.16099	0	0	0	0
zylia	60	null	0	5	5	StimOn	897	29.85731	TRUE	null	(-2.47, 0.55, -0.03)	(0.96, 0.57, -0.96)	(1.61, 97.05, 303.98)	(0.99, -0.03, -0.12)	(-2.47, 0.55, -0.03)	3.553645	247.5224	-178.1061	-171.8882	0	20.62835	-12.82001	16.16094	0	0	0	0
zylia	60	null	0	5	5	StimOn	898	29.89023	TRUE	null	(-2.47, 0.55, -0.03)	(0.96, 0.57, -0.96)	(1.61, 97.05, 303.97)	(0.99, -0.03, -0.12)	(-2.47, 0.55, -0.03)	3.553648	247.519	-178.1049	-171.8845	0	20.6285	-12.82008	16.16109	0	0	0	0
zylia	60	null	0	5	5	StimOn	899	29.92342	TRUE	null	(-2.47, 0.55, -0.03)	(0.96, 0.57, -0.96)	(1.61, 97.05, 304.00)	(0.99, -0.03, -0.12)	(-2.47, 0.55, -0.03)	3.553652	247.5196	-178.1067	-171.8836	0	20.6281	-12.81932	16.16117	0	0	0	0
zylia	60	null	0	5	5	StimOn	900	29.95677	TRUE	null	(-2.47, 0.55, -0.03)	(0.96, 0.57, -0.96)	(1.60, 97.06, 303.98)	(0.99, -0.03, -0.12)	(-2.47, 0.55, -0.03)	3.553625	247.5369	-178.1175	-171.8973	0	20.62811	-12.81938	16.16113	0	0	0	0
zylia	60	null	0	5	5	StimOn	901	29.99064	TRUE	null	(-2.47, 0.55, -0.03)	(0.96, 0.57, -0.96)	(1.61, 97.06, 303.96)	(0.99, -0.03, -0.12)	(-2.47, 0.55, -0.03)	3.553617	247.5219	-178.1036	-171.8901	0	20.62825	-12.82	16.16083	0	0	0	0
zylia	60	null	0	5	5	StimOn	902	30.02357	TRUE	null	(-2.47, 0.55, -0.03)	(0.96, 0.57, -0.96)	(1.61, 97.05, 303.99)	(0.99, -0.03, -0.12)	(-2.47, 0.55, -0.03)	3.553645	247.5258	-178.1097	-171.8894	0	20.6284	-12.81986	16.16113	0	0	0	0
zylia	60	null	0	5	5	StimOn	903	30.0572	TRUE	null	(-2.47, 0.55, -0.03)	(0.96, 0.57, -0.96)	(1.61, 97.05, 304.00)	(0.99, -0.03, -0.12)	(-2.47, 0.55, -0.03)	3.553639	247.5215	-178.1028	-171.8904	0	20.62787	-12.82017	16.16021	0	0	0	0
zylia	60	null	0	5	5	StimOn	904	30.09081	TRUE	null	(-2.47, 0.55, -0.03)	(0.96, 0.57, -0.96)	(1.60, 97.06, 303.98)	(0.99, -0.03, -0.12)	(-2.47, 0.55, -0.03)	3.553628	247.5365	-178.1152	-171.8991	0	20.62812	-12.81958	16.16099	0	0	0	0
zylia	60	null	0	5	5	StimOn	905	30.1237	TRUE	null	(-2.47, 0.55, -0.03)	(0.96, 0.57, -0.96)	(1.60, 97.07, 303.98)	(0.99, -0.03, -0.12)	(-2.47, 0.55, -0.03)	3.553597	247.5454	-178.1175	-171.9095	0	20.62781	-12.81984	16.16039	0	0	0	0
zylia	60	null	0	5	5	StimOn	906	30.15751	TRUE	null	(-2.47, 0.55, -0.03)	(0.96, 0.57, -0.96)	(1.60, 97.08, 303.96)	(0.99, -0.03, -0.12)	(-2.47, 0.55, -0.03)	3.553576	247.5501	-178.1187	-171.915	0	20.62737	-12.81957	16.16004	0	0	0	0
zylia	60	null	0	5	5	StimOn	907	30.19043	TRUE	null	(-2.47, 0.55, -0.03)	(0.96, 0.57, -0.96)	(1.62, 97.05, 303.99)	(0.99, -0.03, -0.12)	(-2.47, 0.55, -0.03)	3.553632	247.5173	-178.0978	-171.8895	0	20.62847	-12.82032	16.16085	0	0	0	0
zylia	60	null	0	5	5	StimOn	908	30.22392	TRUE	null	(-2.47, 0.55, -0.03)	(0.96, 0.57, -0.96)	(1.62, 97.05, 303.99)	(0.99, -0.03, -0.12)	(-2.47, 0.55, -0.03)	3.55364	247.5144	-178.0979	-171.8852	0	20.62843	-12.82024	16.16086	0	0	0	0
zylia	60	null	0	5	5	ISI	909	30.25716	TRUE	null	(-2.47, 0.55, -0.03)	(0.96, 0.57, -0.96)	(1.61, 97.05, 304.01)	(0.99, -0.03, -0.12)	(-2.47, 0.55, -0.03)	3.553649	247.5202	-178.1018	-171.8895	0	20.62843	-12.82055	16.16062	0	0	0	0
zylia	60	null	0	5	5	ISI	910	30.29017	TRUE	null	(-2.47, 0.55, -0.03)	(0.96, 0.57, -0.96)	(1.61, 97.05, 304.01)	(0.99, -0.03, -0.12)	(-2.47, 0.55, -0.03)	3.553642	247.5197	-178.1031	-171.8875	0	20.62783	-12.81984	16.16041	0	0	0	0
zylia	60	null	0	5	5	ISI	911	30.32371	TRUE	null	(-2.47, 0.55, -0.03)	(0.96, 0.57, -0.96)	(1.61, 97.05, 304.00)	(0.99, -0.03, -0.12)	(-2.47, 0.55, -0.03)	3.553643	247.5184	-178.1024	-171.8863	0	20.62809	-12.82003	16.16059	0	0	0	0
zylia	60	null	0	5	5	ISI	912	30.35777	TRUE	null	(-2.47, 0.55, -0.03)	(0.96, 0.57, -0.96)	(1.60, 97.07, 303.97)	(0.99, -0.03, -0.12)	(-2.47, 0.55, -0.03)	3.553551	247.5441	-178.1203	-171.9047	0	20.62732	-12.81927	16.16021	0	0	0	0
zylia	60	null	0	5	5	ISI	913	30.3907	TRUE	null	(-2.47, 0.55, -0.03)	(0.96, 0.57, -0.96)	(1.61, 97.05, 304.00)	(0.99, -0.03, -0.12)	(-2.47, 0.55, -0.03)	3.553631	247.5219	-178.1051	-171.8885	0	20.62771	-12.81941	16.16061	0	0	0	0
zylia	60	null	0	5	5	ISI	914	30.42418	TRUE	null	(-2.47, 0.55, -0.03)	(0.96, 0.57, -0.96)	(1.60, 97.07, 304.00)	(0.99, -0.03, -0.12)	(-2.47, 0.55, -0.03)	3.553604	247.5455	-178.1201	-171.907	0	20.62778	-12.81961	16.16053	0	0	0	0
zylia	60	null	0	5	5	ISI	915	30.45724	TRUE	null	(-2.47, 0.55, -0.03)	(0.96, 0.57, -0.96)	(1.60, 97.06, 303.98)	(0.99, -0.03, -0.12)	(-2.47, 0.55, -0.03)	3.553623	247.5321	-178.1129	-171.8951	0	20.62817	-12.81972	16.16095	0	0	0	0
zylia	60	null	0	5	5	ISI	916	30.49082	TRUE	null	(-2.47, 0.55, -0.03)	(0.96, 0.57, -0.96)	(1.61, 97.05, 303.98)	(0.99, -0.03, -0.12)	(-2.47, 0.55, -0.03)	3.553644	247.5178	-178.1018	-171.886	0	20.62846	-12.82038	16.16079	0	0	0	0
zylia	60	null	0	5	5	ISI	917	30.52392	TRUE	null	(-2.47, 0.55, -0.03)	(0.96, 0.57, -0.96)	(1.60, 97.07, 303.97)	(0.99, -0.03, -0.12)	(-2.47, 0.55, -0.03)	3.553619	247.5362	-178.1121	-171.9018	0	20.62781	-12.81984	16.16039	0	0	0	0
zylia	60	null	0	5	5	ISI	918	30.5573	TRUE	null	(-2.47, 0.55, -0.03)	(0.96, 0.57, -0.96)	(1.59, 97.07, 303.97)	(0.99, -0.03, -0.12)	(-2.47, 0.55, -0.03)	3.553591	247.5494	-178.1228	-171.9098	0	20.62791	-12.81966	16.16067	0	0	0	0
zylia	60	null	0	5	5	ISI	919	30.59075	TRUE	null	(-2.47, 0.55, -0.03)	(0.96, 0.57, -0.96)	(1.61, 97.05, 303.98)	(0.99, -0.03, -0.12)	(-2.47, 0.55, -0.03)	3.553642	247.5261	-178.1097	-171.8898	0	20.62832	-12.81986	16.16102	0	0	0	0
zylia	60	null	0	5	5	ISI	920	30.62353	TRUE	null	(-2.47, 0.55, -0.03)	(0.96, 0.57, -0.96)	(1.60, 97.07, 303.96)	(0.99, -0.03, -0.12)	(-2.47, 0.55, -0.03)	3.553627	247.5389	-178.1172	-171.9006	0	20.62871	-12.81995	16.16145	0	0	0	0
zylia	60	null	0	5	5	ISI	921	30.65699	TRUE	null	(-2.47, 0.55, -0.03)	(0.96, 0.57, -0.96)	(1.60, 97.06, 303.97)	(0.99, -0.03, -0.12)	(-2.47, 0.55, -0.03)	3.553624	247.5361	-178.1175	-171.8962	0	20.62819	-12.81963	16.16105	0	0	0	0
zylia	60	null	0	5	5	ISI	922	30.69101	TRUE	null	(-2.47, 0.55, -0.03)	(0.96, 0.57, -0.96)	(1.60, 97.07, 303.95)	(0.99, -0.03, -0.12)	(-2.47, 0.55, -0.03)	3.553619	247.5414	-178.1199	-171.9013	0	20.62806	-12.81961	16.16089	0	0	0	0
zylia	60	null	0	5	5	ISI	923	30.7241	TRUE	null	(-2.47, 0.55, -0.03)	(0.96, 0.57, -0.96)	(1.61, 97.05, 303.98)	(0.99, -0.03, -0.12)	(-2.47, 0.55, -0.03)	3.553629	247.5231	-178.1115	-171.8836	0	20.62811	-12.81943	16.1611	0	0	0	0
zylia	60	null	0	5	5	ISI	924	30.75746	TRUE	null	(-2.47, 0.55, -0.03)	(0.96, 0.57, -0.96)	(1.61, 97.05, 303.97)	(0.99, -0.03, -0.12)	(-2.47, 0.55, -0.03)	3.553648	247.5176	-178.103	-171.8846	0	20.62816	-12.81977	16.1609	0	0	0	0
zylia	60	null	0	5	5	ISI	925	30.79046	TRUE	null	(-2.47, 0.55, -0.03)	(0.96, 0.57, -0.96)	(1.60, 97.06, 303.98)	(0.99, -0.03, -0.12)	(-2.47, 0.55, -0.03)	3.553612	247.5378	-178.1174	-171.8987	0	20.62802	-12.81969	16.16078	0	0	0	0
zylia	60	null	0	5	5	ISI	926	30.82987	TRUE	null	(-2.47, 0.55, -0.03)	(0.96, 0.57, -0.96)	(1.61, 97.06, 303.97)	(0.99, -0.03, -0.12)	(-2.47, 0.55, -0.03)	3.553626	247.5312	-178.1103	-171.8966	0	20.62799	-12.81972	16.16072	0	0	0	0
zylia	60	null	0	5	5	ISI	927	30.85696	TRUE	null	(-2.47, 0.55, -0.03)	(0.96, 0.57, -0.96)	(1.61, 97.06, 303.98)	(0.99, -0.03, -0.12)	(-2.47, 0.55, -0.03)	3.553638	247.5251	-178.1078	-171.8903	0	20.6284	-12.82012	16.16093	0	0	0	0
zylia	60	null	0	5	5	ISI	928	30.89067	TRUE	null	(-2.47, 0.55, -0.03)	(0.96, 0.57, -0.96)	(1.59, 97.08, 303.98)	(0.99, -0.03, -0.12)	(-2.47, 0.55, -0.03)	3.55356	247.5591	-178.1271	-171.9193	0	20.6271	-12.81949	16.15976	0	0	0	0
zylia	60	null	0	5	5	ISI	929	30.92526	TRUE	null	(-2.47, 0.55, -0.03)	(0.96, 0.57, -0.96)	(1.61, 97.04, 304.01)	(0.99, -0.03, -0.12)	(-2.47, 0.55, -0.03)	3.553653	247.5159	-178.1066	-171.8784	0	20.6285	-12.81957	16.16149	0	0	0	0
zylia	60	null	0	5	5	ISI	930	30.95723	TRUE	null	(-2.47, 0.55, -0.03)	(0.96, 0.57, -0.96)	(1.59, 97.07, 303.97)	(0.99, -0.03, -0.12)	(-2.47, 0.55, -0.03)	3.553587	247.5499	-178.124	-171.9092	0	20.62731	-12.81921	16.16025	0	0	0	0
zylia	60	null	0	5	5	ISI	931	30.99069	TRUE	null	(-2.47, 0.55, -0.03)	(0.96, 0.57, -0.96)	(1.60, 97.06, 304.00)	(0.99, -0.03, -0.12)	(-2.47, 0.55, -0.03)	3.553649	247.5285	-178.112	-171.8909	0	20.62842	-12.81992	16.16111	0	0	0	0
zylia	60	null	0	5	5	ISI	932	31.02413	TRUE	null	(-2.47, 0.55, -0.03)	(0.96, 0.57, -0.96)	(1.60, 97.05, 303.98)	(0.99, -0.03, -0.12)	(-2.47, 0.55, -0.03)	3.553642	247.5259	-178.112	-171.8871	0	20.62849	-12.81986	16.16124	0	0	0	0
zylia	60	null	0	5	5	ISI	933	31.05683	TRUE	null	(-2.47, 0.55, -0.03)	(0.96, 0.57, -0.96)	(1.61, 97.05, 303.99)	(0.99, -0.03, -0.12)	(-2.47, 0.55, -0.03)	3.553647	247.517	-178.1032	-171.8835	0	20.62814	-12.81969	16.16093	0	0	0	0
zylia	60	null	0	5	5	ISI	934	31.09039	TRUE	null	(-2.47, 0.55, -0.03)	(0.96, 0.57, -0.96)	(1.61, 97.05, 303.97)	(0.99, -0.03, -0.12)	(-2.47, 0.55, -0.03)	3.553655	247.521	-178.1086	-171.8836	0	20.6283	-12.81949	16.16129	0	0	0	0
zylia	60	null	0	5	5	ISI	935	31.12442	TRUE	null	(-2.47, 0.55, -0.03)	(0.96, 0.57, -0.96)	(1.61, 97.05, 304.00)	(0.99, -0.03, -0.12)	(-2.47, 0.55, -0.03)	3.553644	247.5172	-178.1038	-171.8831	0	20.62832	-12.81997	16.16094	0	0	0	0
zylia	60	null	0	5	5	ISI	936	31.15712	TRUE	null	(-2.47, 0.55, -0.03)	(0.96, 0.57, -0.96)	(1.61, 97.05, 304.01)	(0.99, -0.03, -0.12)	(-2.47, 0.55, -0.03)	3.553643	247.5205	-178.1041	-171.8875	0	20.6282	-12.82001	16.16075	0	0	0	0
zylia	60	null	0	5	5	ISI	937	31.19032	TRUE	null	(-2.47, 0.55, -0.03)	(0.96, 0.57, -0.96)	(1.61, 97.06, 303.98)	(0.99, -0.03, -0.12)	(-2.47, 0.55, -0.03)	3.553666	247.5246	-178.1062	-171.8913	0	20.6282	-12.81974	16.16097	0	0	0	0
zylia	60	null	0	5	5	ISI	938	31.22367	TRUE	null	(-2.47, 0.55, -0.03)	(0.96, 0.57, -0.96)	(1.61, 97.05, 304.01)	(0.99, -0.03, -0.12)	(-2.47, 0.55, -0.03)	3.553641	247.5199	-178.1012	-171.8897	0	20.62813	-12.82024	16.16047	0	0	0	0
zylia	60	null	0	5	5	ISI	939	31.25716	TRUE	null	(-2.47, 0.55, -0.03)	(0.96, 0.57, -0.96)	(1.61, 97.05, 303.98)	(0.99, -0.03, -0.12)	(-2.47, 0.55, -0.03)	3.55365	247.5181	-178.1028	-171.8855	0	20.62832	-12.82001	16.1609	0	0	0	0
zylia	60	null	0	5	5	ITI	940	31.29043	TRUE	null	(-2.47, 0.55, -0.03)	(0.96, 0.57, -0.96)	(1.60, 97.06, 303.97)	(0.99, -0.03, -0.12)	(-2.47, 0.55, -0.03)	3.553629	247.5318	-178.1132	-171.8944	0	20.62815	-12.81977	16.16088	0	0	0	0
zylia	60	null	0	6	6	ITI	941	31.3236	TRUE	null	(-2.47, 0.55, -0.03)	(0.96, 0.57, -0.96)	(1.59, 97.08, 303.97)	(0.99, -0.03, -0.12)	(2.30, 0.29, -0.77)	0.423014	18.01547	-10.2391	-14.82288	0	33.45721	-19.57951	-27.12983	0	0	0	0
zylia	60	null	0	6	6	StimOn	942	31.35711	TRUE	null	(-2.47, 0.55, -0.03)	(0.96, 0.57, -0.96)	(1.59, 97.08, 303.97)	(0.99, -0.03, -0.12)	(2.30, 0.29, -0.77)	0.4231048	18.01958	-10.24114	-14.82647	0	33.45832	-19.58182	-27.12953	0	0	0	0
zylia	60	null	0	6	6	StimOn	943	31.39057	TRUE	null	(2.30, 0.29, -0.77)	(0.96, 0.57, -0.96)	(1.60, 97.07, 303.99)	(0.99, -0.03, -0.12)	(2.30, 0.29, -0.77)	0.4228983	18.01016	-10.23439	-14.81969	0	33.45816	-19.58163	-27.12947	0	0	0	0
zylia	60	null	0	6	6	StimOn	944	31.42427	TRUE	null	(2.30, 0.29, -0.77)	(0.96, 0.57, -0.96)	(1.61, 97.06, 303.99)	(0.99, -0.03, -0.12)	(2.30, 0.29, -0.77)	0.4224544	17.99072	-10.22378	-14.80339	0	33.46095	-19.58241	-27.13234	0	0	0	0
zylia	60	null	0	6	6	StimOn	945	31.45783	TRUE	null	(2.30, 0.29, -0.77)	(0.96, 0.57, -0.96)	(1.60, 97.08, 303.98)	(0.99, -0.03, -0.12)	(2.30, 0.29, -0.77)	0.422983	18.0141	-10.23777	-14.82213	0	33.45768	-19.58053	-27.12967	0	0	0	0
zylia	60	null	0	6	6	StimOn	946	31.49091	TRUE	null	(2.30, 0.29, -0.77)	(0.96, 0.57, -0.96)	(1.60, 97.06, 303.97)	(0.99, -0.03, -0.12)	(2.30, 0.29, -0.77)	0.4226112	17.99766	-10.22997	-14.80755	0	33.46075	-19.58129	-27.13292	0	0	0	0
zylia	60	null	0	6	6	StimOn	947	31.52395	TRUE	null	(2.30, 0.29, -0.77)	(0.96, 0.57, -0.96)	(1.61, 97.05, 303.99)	(0.99, -0.03, -0.12)	(2.30, 0.29, -0.77)	0.4223152	17.98438	-10.22056	-14.79791	0	33.46165	-19.58289	-27.13287	0	0	0	0
zylia	60	null	0	6	6	StimOn	948	31.55712	TRUE	null	(2.30, 0.29, -0.77)	(0.96, 0.57, -0.96)	(1.61, 97.05, 304.00)	(0.99, -0.03, -0.12)	(2.30, 0.29, -0.77)	0.4223565	17.98627	-10.22085	-14.8	0	33.46138	-19.5826	-27.13274	0	0	0	0
zylia	60	null	0	6	6	StimOn	949	31.59082	TRUE	null	(2.30, 0.29, -0.77)	(0.96, 0.57, -0.96)	(1.60, 97.06, 303.98)	(0.99, -0.03, -0.12)	(2.30, 0.29, -0.77)	0.4225577	17.99545	-10.22943	-14.80524	0	33.46186	-19.58253	-27.13338	0	0	0	0
zylia	60	null	0	6	6	StimOn	950	31.6238	TRUE	null	(2.30, 0.29, -0.77)	(0.96, 0.57, -0.96)	(1.61, 97.06, 303.99)	(0.99, -0.03, -0.12)	(2.30, 0.29, -0.77)	0.4225761	17.99612	-10.22516	-14.80899	0	33.4605	-19.58207	-27.13204	0	0	0	0
zylia	60	null	0	6	6	StimOn	951	31.65704	TRUE	null	(2.30, 0.29, -0.77)	(0.96, 0.57, -0.96)	(1.61, 97.05, 303.97)	(0.99, -0.03, -0.12)	(2.30, 0.29, -0.77)	0.4223481	17.98576	-10.22004	-14.79994	0	33.46151	-19.58344	-27.1323	0	0	0	0
zylia	60	null	0	6	6	StimOn	952	31.69029	TRUE	null	(2.30, 0.29, -0.77)	(0.96, 0.57, -0.96)	(1.60, 97.07, 303.98)	(0.99, -0.03, -0.12)	(2.30, 0.29, -0.77)	0.4228992	18.01051	-10.23524	-14.81953	0	33.46053	-19.58105	-27.13281	0	0	0	0
zylia	60	null	0	6	6	StimOn	953	31.72394	TRUE	null	(2.30, 0.29, -0.77)	(0.96, 0.57, -0.96)	(1.60, 97.07, 303.98)	(0.99, -0.03, -0.12)	(2.30, 0.29, -0.77)	0.4228226	18.00706	-10.23312	-14.81679	0	33.46024	-19.58168	-27.132	0	0	0	0
zylia	60	null	0	6	6	StimOn	954	31.75759	TRUE	null	(2.30, 0.29, -0.77)	(0.96, 0.57, -0.96)	(1.61, 97.05, 304.00)	(0.99, -0.03, -0.12)	(2.30, 0.29, -0.77)	0.4223956	17.98788	-10.22093	-14.80191	0	33.46156	-19.58294	-27.13272	0	0	0	0
zylia	60	null	0	6	6	StimOn	955	31.79089	TRUE	null	(2.30, 0.29, -0.77)	(0.96, 0.57, -0.96)	(1.60, 97.07, 303.94)	(0.99, -0.03, -0.12)	(2.30, 0.29, -0.77)	0.422916	18.01114	-10.23618	-14.81964	0	33.45912	-19.58204	-27.13037	0	0	0	0
zylia	60	null	0	6	6	StimOn	956	31.82417	TRUE	null	(2.30, 0.29, -0.77)	(0.96, 0.57, -0.96)	(1.60, 97.06, 303.96)	(0.99, -0.03, -0.12)	(2.30, 0.29, -0.77)	0.4226021	17.99729	-10.22978	-14.80723	0	33.45994	-19.58067	-27.13236	0	0	0	0
zylia	60	null	0	6	6	StimOn	957	31.85706	TRUE	null	(2.30, 0.29, -0.77)	(0.96, 0.57, -0.96)	(1.60, 97.07, 303.99)	(0.99, -0.03, -0.12)	(2.30, 0.29, -0.77)	0.4228463	18.00817	-10.23818	-14.81466	0	33.45911	-19.58124	-27.13093	0	0	0	0
zylia	60	null	0	6	6	ISI	958	31.89107	TRUE	null	(2.30, 0.29, -0.77)	(0.96, 0.57, -0.96)	(1.60, 97.07, 303.97)	(0.99, -0.03, -0.12)	(2.30, 0.29, -0.77)	0.422976	18.01382	-10.23827	-14.82145	0	33.45858	-19.58069	-27.13066	0	0	0	0
zylia	60	null	0	6	6	ISI	959	31.92402	TRUE	null	(2.30, 0.29, -0.77)	(0.96, 0.57, -0.96)	(1.59, 97.08, 303.97)	(0.99, -0.03, -0.12)	(2.30, 0.29, -0.77)	0.422992	18.0144	-10.23941	-14.82137	0	33.45791	-19.58128	-27.12941	0	0	0	0
zylia	60	null	0	6	6	ISI	960	31.95714	TRUE	null	(2.30, 0.29, -0.77)	(0.96, 0.57, -0.96)	(1.60, 97.07, 303.99)	(0.99, -0.03, -0.12)	(2.30, 0.29, -0.77)	0.422852	18.00823	-10.2346	-14.81719	0	33.45864	-19.58117	-27.13039	0	0	0	0
zylia	60	null	0	6	6	ISI	961	31.99054	TRUE	null	(2.30, 0.29, -0.77)	(0.96, 0.57, -0.96)	(1.61, 97.05, 303.98)	(0.99, -0.03, -0.12)	(2.30, 0.29, -0.77)	0.4223123	17.98425	-10.22027	-14.79795	0	33.4615	-19.58285	-27.13271	0	0	0	0
zylia	60	null	0	6	6	ISI	962	32.0238	TRUE	null	(2.30, 0.29, -0.77)	(0.96, 0.57, -0.96)	(1.60, 97.06, 303.98)	(0.99, -0.03, -0.12)	(2.30, 0.29, -0.77)	0.4226587	17.99973	-10.22957	-14.81034	0	33.46011	-19.58168	-27.13183	0	0	0	0
zylia	60	null	0	6	6	ISI	963	32.05721	TRUE	null	(2.30, 0.29, -0.77)	(0.96, 0.57, -0.96)	(1.60, 97.06, 303.99)	(0.99, -0.03, -0.12)	(2.30, 0.29, -0.77)	0.4225414	17.99487	-10.2298	-14.80427	0	33.46012	-19.5808	-27.13248	0	0	0	0
zylia	60	null	0	6	6	ISI	964	32.09083	TRUE	null	(2.30, 0.29, -0.77)	(0.96, 0.57, -0.96)	(1.61, 97.05, 303.99)	(0.99, -0.03, -0.12)	(2.30, 0.29, -0.77)	0.4223101	17.98428	-10.22349	-14.79576	0	33.46129	-19.58071	-27.134	0	0	0	0
zylia	60	null	0	6	6	ISI	965	32.1236	TRUE	null	(2.30, 0.29, -0.77)	(0.96, 0.57, -0.96)	(1.60, 97.09, 303.98)	(0.99, -0.03, -0.12)	(2.30, 0.29, -0.77)	0.4231533	18.02161	-10.23914	-14.83033	0	33.45684	-19.58099	-27.12831	0	0	0	0
zylia	60	null	0	6	6	ISI	966	32.15687	TRUE	null	(2.30, 0.29, -0.77)	(0.96, 0.57, -0.96)	(1.61, 97.05, 303.99)	(0.99, -0.03, -0.12)	(2.30, 0.29, -0.77)	0.4222946	17.98339	-10.22077	-14.79656	0	33.46107	-19.5806	-27.13381	0	0	0	0
zylia	60	null	0	6	6	ISI	967	32.1909	TRUE	null	(2.30, 0.29, -0.77)	(0.96, 0.57, -0.96)	(1.60, 97.07, 304.00)	(0.99, -0.03, -0.12)	(2.30, 0.29, -0.77)	0.4228337	18.00726	-10.23278	-14.81727	0	33.45813	-19.58075	-27.13007	0	0	0	0
zylia	60	null	0	6	6	ITI	968	32.2243	TRUE	null	(2.30, 0.29, -0.77)	(0.96, 0.57, -0.96)	(1.61, 97.05, 303.98)	(0.99, -0.03, -0.12)	(2.30, 0.29, -0.77)	0.4224486	17.99023	-10.22503	-14.80194	0	33.45996	-19.58203	-27.1314	0	0	0	0
zylia	60	null	0	7	7	ITI	969	32.25706	TRUE	null	(2.30, 0.29, -0.77)	(0.96, 0.57, -0.96)	(1.61, 97.05, 304.00)	(0.99, -0.03, -0.12)	(2.24, 0.73, -1.22)	0.2216471	9.701579	8.617029	4.457291	0	19.12285	-8.621564	-17.06904	0	0	0	0
zylia	60	null	0	7	7	StimOn	970	32.29115	TRUE	null	(2.30, 0.29, -0.77)	(0.96, 0.57, -0.96)	(1.61, 97.05, 303.99)	(0.99, -0.03, -0.12)	(2.24, 0.73, -1.22)	0.2215925	9.699131	8.615001	4.455885	0	19.12275	-8.621838	-17.06879	0	0	0	0
zylia	60	null	0	7	7	StimOn	971	32.32375	TRUE	null	(2.24, 0.73, -1.22)	(0.96, 0.57, -0.96)	(1.60, 97.07, 304.00)	(0.99, -0.03, -0.12)	(2.24, 0.73, -1.22)	0.2213431	9.687617	8.608614	4.443163	0	19.12225	-8.621815	-17.06824	0	0	0	0
zylia	60	null	0	7	7	StimOn	972	32.35682	TRUE	null	(2.24, 0.73, -1.22)	(0.96, 0.57, -0.96)	(1.60, 97.05, 303.99)	(0.99, -0.03, -0.12)	(2.24, 0.73, -1.22)	0.2214333	9.692001	8.607519	4.45483	0	19.12387	-8.620243	-17.07085	0	0	0	0
zylia	60	null	0	7	7	StimOn	973	32.39064	TRUE	null	(2.24, 0.73, -1.22)	(0.96, 0.57, -0.96)	(1.61, 97.05, 303.98)	(0.99, -0.03, -0.12)	(2.24, 0.73, -1.22)	0.2216126	9.700121	8.615342	4.457379	0	19.12432	-8.62211	-17.0704	0	0	0	0
zylia	60	null	0	7	7	StimOn	974	32.42425	TRUE	null	(2.24, 0.73, -1.22)	(0.96, 0.57, -0.96)	(1.61, 97.05, 303.99)	(0.99, -0.03, -0.12)	(2.24, 0.73, -1.22)	0.2216804	9.702976	8.618807	4.456896	0	19.1228	-8.622156	-17.06868	0	0	0	0
zylia	60	null	0	7	7	StimOn	975	32.45726	TRUE	null	(2.24, 0.73, -1.22)	(0.96, 0.57, -0.96)	(1.61, 97.05, 303.99)	(0.99, -0.03, -0.12)	(2.24, 0.73, -1.22)	0.2215013	9.695023	8.61199	4.452763	0	19.12423	-8.620288	-17.07123	0	0	0	0
zylia	60	null	0	7	7	StimOn	976	32.49023	TRUE	null	(2.24, 0.73, -1.22)	(0.96, 0.57, -0.96)	(1.60, 97.07, 303.98)	(0.99, -0.03, -0.12)	(2.24, 0.73, -1.22)	0.2211949	9.680946	8.601448	4.442502	0	19.12193	-8.619901	-17.06884	0	0	0	0
zylia	60	null	0	7	7	StimOn	977	32.5247	TRUE	null	(2.24, 0.73, -1.22)	(0.96, 0.57, -0.96)	(1.60, 97.06, 304.01)	(0.99, -0.03, -0.12)	(2.24, 0.73, -1.22)	0.2212704	9.684513	8.604461	4.444441	0	19.12263	-8.619787	-17.06969	0	0	0	0
zylia	60	null	0	7	7	StimOn	978	32.55717	TRUE	null	(2.24, 0.73, -1.22)	(0.96, 0.57, -0.96)	(1.62, 97.05, 304.00)	(0.99, -0.03, -0.12)	(2.24, 0.73, -1.22)	0.2216797	9.703038	8.619445	4.455797	0	19.12289	-8.622452	-17.06863	0	0	0	0
zylia	60	null	0	7	7	StimOn	979	32.59023	TRUE	null	(2.24, 0.73, -1.22)	(0.96, 0.57, -0.96)	(1.62, 97.05, 303.99)	(0.99, -0.03, -0.12)	(2.24, 0.73, -1.22)	0.2216982	9.703747	8.620265	4.455753	0	19.12279	-8.622748	-17.06837	0	0	0	0
zylia	60	null	0	7	7	StimOn	980	32.62438	TRUE	null	(2.24, 0.73, -1.22)	(0.96, 0.57, -0.96)	(1.61, 97.05, 304.00)	(0.99, -0.03, -0.12)	(2.24, 0.73, -1.22)	0.2216697	9.702691	8.617736	4.458345	0	19.12453	-8.620152	-17.07164	0	0	0	0
zylia	60	null	0	7	7	StimOn	981	32.65703	TRUE	null	(2.24, 0.73, -1.22)	(0.96, 0.57, -0.96)	(1.61, 97.05, 304.01)	(0.99, -0.03, -0.12)	(2.24, 0.73, -1.22)	0.2216558	9.701923	8.617349	4.457423	0	19.12284	-8.621792	-17.06891	0	0	0	0
zylia	60	null	0	7	7	StimOn	982	32.69048	TRUE	null	(2.24, 0.73, -1.22)	(0.96, 0.57, -0.96)	(1.61, 97.05, 303.99)	(0.99, -0.03, -0.12)	(2.24, 0.73, -1.22)	0.2216571	9.701962	8.616665	4.458828	0	19.12248	-8.621177	-17.06882	0	0	0	0
zylia	60	null	0	7	7	StimOn	983	32.72403	TRUE	null	(2.24, 0.73, -1.22)	(0.96, 0.57, -0.96)	(1.61, 97.05, 303.96)	(0.99, -0.03, -0.12)	(2.24, 0.73, -1.22)	0.22161	9.700121	8.614864	4.458302	0	19.12175	-8.620812	-17.06818	0	0	0	0
zylia	60	null	0	7	7	StimOn	984	32.75708	TRUE	null	(2.24, 0.73, -1.22)	(0.96, 0.57, -0.96)	(1.62, 97.05, 303.99)	(0.99, -0.03, -0.12)	(2.24, 0.73, -1.22)	0.2216676	9.702471	8.618647	4.456104	0	19.12351	-8.622543	-17.06929	0	0	0	0
zylia	60	null	0	7	7	StimOn	985	32.79025	TRUE	null	(2.24, 0.73, -1.22)	(0.96, 0.57, -0.96)	(1.61, 97.05, 303.98)	(0.99, -0.03, -0.12)	(2.24, 0.73, -1.22)	0.2215747	9.69842	8.613199	4.457818	0	19.12411	-8.621085	-17.07069	0	0	0	0
zylia	60	null	0	7	7	ISI	986	32.82391	TRUE	null	(2.24, 0.73, -1.22)	(0.96, 0.57, -0.96)	(1.62, 97.05, 304.00)	(0.99, -0.03, -0.12)	(2.24, 0.73, -1.22)	0.2217221	9.70488	8.620972	4.456852	0	19.12292	-8.622885	-17.06845	0	0	0	0
zylia	60	null	0	7	7	ISI	987	32.85708	TRUE	null	(2.24, 0.73, -1.22)	(0.96, 0.57, -0.96)	(1.62, 97.05, 304.00)	(0.99, -0.03, -0.12)	(2.24, 0.73, -1.22)	0.2216889	9.703363	8.620311	4.45483	0	19.12296	-8.623523	-17.06817	0	0	0	0
zylia	60	null	0	7	7	ISI	988	32.89032	TRUE	null	(2.24, 0.73, -1.22)	(0.96, 0.57, -0.96)	(1.62, 97.05, 303.99)	(0.99, -0.03, -0.12)	(2.24, 0.73, -1.22)	0.2216491	9.701642	8.617782	4.455973	0	19.12278	-8.623523	-17.06797	0	0	0	0
zylia	60	null	0	7	7	ISI	989	32.92387	TRUE	null	(2.24, 0.73, -1.22)	(0.96, 0.57, -0.96)	(1.60, 97.07, 304.02)	(0.99, -0.03, -0.12)	(2.24, 0.73, -1.22)	0.2211465	9.678841	8.601105	4.438576	0	19.12223	-8.620857	-17.0687	0	0	0	0
zylia	60	null	0	7	7	ISI	990	32.95764	TRUE	null	(2.24, 0.73, -1.22)	(0.96, 0.57, -0.96)	(1.60, 97.07, 303.97)	(0.99, -0.03, -0.12)	(2.24, 0.73, -1.22)	0.221266	9.684233	8.605032	4.442722	0	19.12132	-8.622657	-17.06677	0	0	0	0
zylia	60	null	0	7	7	ISI	991	32.99075	TRUE	null	(2.24, 0.73, -1.22)	(0.96, 0.57, -0.96)	(1.61, 97.05, 303.99)	(0.99, -0.03, -0.12)	(2.24, 0.73, -1.22)	0.2216694	9.702549	8.617554	4.458389	0	19.12324	-8.621769	-17.06937	0	0	0	0
zylia	60	null	0	7	7	ISI	992	33.0242	TRUE	null	(2.24, 0.73, -1.22)	(0.96, 0.57, -0.96)	(1.60, 97.06, 303.98)	(0.99, -0.03, -0.12)	(2.24, 0.73, -1.22)	0.2212895	9.685386	8.605762	4.443824	0	19.12212	-8.621564	-17.06822	0	0	0	0
zylia	60	null	0	7	7	ISI	993	33.0572	TRUE	null	(2.24, 0.73, -1.22)	(0.96, 0.57, -0.96)	(1.61, 97.06, 303.98)	(0.99, -0.03, -0.12)	(2.24, 0.73, -1.22)	0.2214752	9.693873	8.612652	4.448978	0	19.1233	-8.622293	-17.06917	0	0	0	0
zylia	60	null	0	7	7	ISI	994	33.09027	TRUE	null	(2.24, 0.73, -1.22)	(0.96, 0.57, -0.96)	(1.60, 97.07, 304.00)	(0.99, -0.03, -0.12)	(2.24, 0.73, -1.22)	0.2212015	9.681237	8.604347	4.437517	0	19.12177	-8.621723	-17.06775	0	0	0	0
zylia	60	null	0	7	7	ISI	995	33.12398	TRUE	null	(2.24, 0.73, -1.22)	(0.96, 0.57, -0.96)	(1.61, 97.05, 304.00)	(0.99, -0.03, -0.12)	(2.24, 0.73, -1.22)	0.221653	9.70186	8.616505	4.458917	0	19.12245	-8.621085	-17.06883	0	0	0	0
zylia	60	null	0	7	7	ISI	996	33.1572	TRUE	null	(2.24, 0.73, -1.22)	(0.96, 0.57, -0.96)	(1.62, 97.05, 303.99)	(0.99, -0.03, -0.12)	(2.24, 0.73, -1.22)	0.2216857	9.70336	8.61867	4.457994	0	19.12386	-8.623569	-17.06916	0	0	0	0
zylia	60	null	0	7	7	ISI	997	33.19034	TRUE	null	(2.24, 0.73, -1.22)	(0.96, 0.57, -0.96)	(1.61, 97.05, 304.01)	(0.99, -0.03, -0.12)	(2.24, 0.73, -1.22)	0.2216017	9.699595	8.615206	4.4565	0	19.12387	-8.621655	-17.07014	0	0	0	0
zylia	60	null	0	7	7	ISI	998	33.22411	TRUE	null	(2.24, 0.73, -1.22)	(0.96, 0.57, -0.96)	(1.61, 97.05, 304.00)	(0.99, -0.03, -0.12)	(2.24, 0.73, -1.22)	0.2216061	9.699802	8.617234	4.453026	0	19.12443	-8.623455	-17.06986	0	0	0	0
zylia	60	null	0	7	7	ISI	999	33.2562	TRUE	null	(2.24, 0.73, -1.22)	(0.96, 0.57, -0.96)	(1.61, 97.06, 303.98)	(0.99, -0.03, -0.12)	(2.24, 0.73, -1.22)	0.2214828	9.694098	8.613586	4.447657	0	19.12214	-8.622681	-17.06768	0	0	0	0
zylia	60	null	0	7	7	ISI	1000	33.29067	TRUE	null	(2.24, 0.73, -1.22)	(0.96, 0.57, -0.96)	(1.61, 97.05, 304.01)	(0.99, -0.03, -0.12)	(2.24, 0.73, -1.22)	0.2216767	9.702952	8.617349	4.459663	0	19.12318	-8.622429	-17.06897	0	0	0	0
zylia	60	null	0	7	7	ISI	1001	33.32385	TRUE	null	(2.24, 0.73, -1.22)	(0.96, 0.57, -0.96)	(1.61, 97.05, 303.99)	(0.99, -0.03, -0.12)	(2.24, 0.73, -1.22)	0.2215491	9.697206	8.612857	4.455841	0	19.12392	-8.621906	-17.07006	0	0	0	0
zylia	60	null	0	7	7	ISI	1002	33.35747	TRUE	null	(2.24, 0.73, -1.22)	(0.96, 0.57, -0.96)	(1.61, 97.05, 303.99)	(0.99, -0.03, -0.12)	(2.24, 0.73, -1.22)	0.2215712	9.698118	8.614111	4.455401	0	19.12194	-8.620926	-17.06834	0	0	0	0
zylia	60	null	0	7	7	ISI	1003	33.39095	TRUE	null	(2.24, 0.73, -1.22)	(0.96, 0.57, -0.96)	(1.61, 97.06, 303.97)	(0.99, -0.03, -0.12)	(2.24, 0.73, -1.22)	0.2213826	9.689759	8.608112	4.448802	0	19.12445	-8.623045	-17.07008	0	0	0	0
zylia	60	null	0	7	7	ISI	1004	33.42353	TRUE	null	(2.24, 0.73, -1.22)	(0.96, 0.57, -0.96)	(1.61, 97.04, 303.99)	(0.99, -0.03, -0.12)	(2.24, 0.73, -1.22)	0.2217169	9.70471	8.617713	4.462781	0	19.12386	-8.620424	-17.07074	0	0	0	0
zylia	60	null	0	7	7	ISI	1005	33.45685	TRUE	null	(2.24, 0.73, -1.22)	(0.96, 0.57, -0.96)	(1.61, 97.05, 303.99)	(0.99, -0.03, -0.12)	(2.24, 0.73, -1.22)	0.221597	9.699432	8.614248	4.457994	0	19.12421	-8.621746	-17.07047	0	0	0	0
zylia	60	null	0	7	7	ISI	1006	33.49073	TRUE	null	(2.24, 0.73, -1.22)	(0.96, 0.57, -0.96)	(1.60, 97.07, 304.00)	(0.99, -0.03, -0.12)	(2.24, 0.73, -1.22)	0.2212432	9.683059	8.605214	4.439811	0	19.12101	-8.621495	-17.06701	0	0	0	0
zylia	60	null	0	7	7	ISI	1007	33.5237	TRUE	null	(2.24, 0.73, -1.22)	(0.96, 0.57, -0.96)	(1.60, 97.06, 303.99)	(0.99, -0.03, -0.12)	(2.24, 0.73, -1.22)	0.2213209	9.686986	8.606584	4.445719	0	19.12444	-8.622976	-17.0701	0	0	0	0
zylia	60	null	0	7	7	ISI	1008	33.55735	TRUE	null	(2.24, 0.73, -1.22)	(0.96, 0.57, -0.96)	(1.61, 97.05, 303.99)	(0.99, -0.03, -0.12)	(2.24, 0.73, -1.22)	0.2215414	9.696866	8.613655	4.453555	0	19.12296	-8.6217	-17.06909	0	0	0	0
zylia	60	null	0	7	7	ISI	1009	33.59007	TRUE	null	(2.24, 0.73, -1.22)	(0.96, 0.57, -0.96)	(1.61, 97.05, 303.96)	(0.99, -0.03, -0.12)	(2.24, 0.73, -1.22)	0.2214886	9.694531	8.609184	4.457115	0	19.1234	-8.622543	-17.06916	0	0	0	0
zylia	60	null	0	7	7	ISI	1010	33.62392	TRUE	null	(2.24, 0.73, -1.22)	(0.96, 0.57, -0.96)	(1.60, 97.06, 303.97)	(0.99, -0.03, -0.12)	(2.24, 0.73, -1.22)	0.2212646	9.684331	8.604118	4.444705	0	19.12382	-8.619126	-17.07136	0	0	0	0
zylia	60	null	0	7	7	ISI	1011	33.65718	TRUE	null	(2.24, 0.73, -1.22)	(0.96, 0.57, -0.96)	(1.60, 97.05, 304.00)	(0.99, -0.03, -0.12)	(2.24, 0.73, -1.22)	0.2215253	9.696192	8.610759	4.457687	0	19.12355	-8.619354	-17.07094	0	0	0	0
zylia	60	null	0	7	7	ISI	1012	33.69019	TRUE	null	(2.24, 0.73, -1.22)	(0.96, 0.57, -0.96)	(1.61, 97.05, 304.00)	(0.99, -0.03, -0.12)	(2.24, 0.73, -1.22)	0.2217027	9.704063	8.617849	4.461112	0	19.12346	-8.622476	-17.06926	0	0	0	0
zylia	60	null	0	7	7	ISI	1013	33.7236	TRUE	null	(2.24, 0.73, -1.22)	(0.96, 0.57, -0.96)	(1.61, 97.05, 303.95)	(0.99, -0.03, -0.12)	(2.24, 0.73, -1.22)	0.221503	9.694962	8.611489	4.453598	0	19.12241	-8.621473	-17.06859	0	0	0	0
zylia	60	null	0	7	7	ISI	1014	33.7569	TRUE	null	(2.24, 0.73, -1.22)	(0.96, 0.57, -0.96)	(1.61, 97.05, 304.00)	(0.99, -0.03, -0.12)	(2.24, 0.73, -1.22)	0.2214925	9.694716	8.610872	4.454258	0	19.1231	-8.622589	-17.0688	0	0	0	0
zylia	60	null	0	7	7	ISI	1015	33.79058	TRUE	null	(2.24, 0.73, -1.22)	(0.96, 0.57, -0.96)	(1.61, 97.05, 303.97)	(0.99, -0.03, -0.12)	(2.24, 0.73, -1.22)	0.2215541	9.697248	8.612857	4.455929	0	19.12258	-8.620607	-17.06922	0	0	0	0
zylia	60	null	0	7	7	ITI	1016	33.82428	TRUE	null	(2.24, 0.73, -1.22)	(0.96, 0.57, -0.96)	(1.61, 97.04, 304.02)	(0.99, -0.03, -0.12)	(2.24, 0.73, -1.22)	0.2216117	9.700156	8.612971	4.462035	0	19.12448	-8.620607	-17.07135	0	0	0	0
zylia	60	null	0	8	8	ITI	1017	33.85706	TRUE	null	(2.24, 0.73, -1.22)	(0.96, 0.57, -0.96)	(1.61, 97.05, 304.00)	(0.99, -0.03, -0.12)	(-2.22, 0.31, -1.57)	3.250434	237.4355	-173.6823	161.8954	0	27.1896	-11.46709	24.65319	0	0	0	0
zylia	60	null	0	8	8	StimOn	1018	33.89172	TRUE	null	(2.24, 0.73, -1.22)	(0.96, 0.57, -0.96)	(1.60, 97.08, 304.00)	(0.99, -0.03, -0.12)	(-2.22, 0.31, -1.57)	3.250395	237.4312	-173.6994	161.8707	0	27.18847	-11.4669	24.65204	0	0	0	0
zylia	60	null	0	8	8	StimOn	1019	33.92392	TRUE	null	(-2.22, 0.31, -1.57)	(0.96, 0.57, -0.96)	(1.62, 97.05, 304.02)	(0.99, -0.03, -0.12)	(-2.22, 0.31, -1.57)	3.250437	237.4335	-173.6798	161.8951	0	27.18959	-11.46757	24.65297	0	0	0	0
zylia	60	null	0	8	8	StimOn	1020	33.9566	TRUE	null	(-2.22, 0.31, -1.57)	(0.96, 0.57, -0.96)	(1.61, 97.05, 303.98)	(0.99, -0.03, -0.12)	(-2.22, 0.31, -1.57)	3.250424	237.4396	-173.6831	161.9004	0	27.19038	-11.46778	24.65373	0	0	0	0
zylia	60	null	0	8	8	StimOn	1021	33.99048	TRUE	null	(-2.22, 0.31, -1.57)	(0.96, 0.57, -0.96)	(1.61, 97.05, 304.01)	(0.99, -0.03, -0.12)	(-2.22, 0.31, -1.57)	3.250432	237.4371	-173.6827	161.8972	0	27.18979	-11.4673	24.65332	0	0	0	0
zylia	60	null	0	8	8	StimOn	1022	34.02416	TRUE	null	(-2.22, 0.31, -1.57)	(0.96, 0.57, -0.96)	(1.59, 97.08, 304.00)	(0.99, -0.03, -0.12)	(-2.22, 0.31, -1.57)	3.250391	237.4325	-173.7043	161.8672	0	27.18832	-11.46681	24.65192	0	0	0	0
zylia	60	null	0	8	8	StimOn	1023	34.0567	TRUE	null	(-2.22, 0.31, -1.57)	(0.96, 0.57, -0.96)	(1.60, 97.06, 303.98)	(0.99, -0.03, -0.12)	(-2.22, 0.31, -1.57)	3.25041	237.4363	-173.6922	161.8858	0	27.18919	-11.4675	24.65256	0	0	0	0
zylia	60	null	0	8	8	StimOn	1024	34.09027	TRUE	null	(-2.22, 0.31, -1.57)	(0.96, 0.57, -0.96)	(1.61, 97.05, 303.99)	(0.99, -0.03, -0.12)	(-2.22, 0.31, -1.57)	3.250425	237.4382	-173.6843	161.8971	0	27.1899	-11.46754	24.65332	0	0	0	0
zylia	60	null	0	8	8	StimOn	1025	34.12411	TRUE	null	(-2.22, 0.31, -1.57)	(0.96, 0.57, -0.96)	(1.61, 97.05, 303.98)	(0.99, -0.03, -0.12)	(-2.22, 0.31, -1.57)	3.250426	237.4384	-173.6826	161.8992	0	27.19021	-11.46757	24.65365	0	0	0	0
zylia	60	null	0	8	8	StimOn	1026	34.15689	TRUE	null	(-2.22, 0.31, -1.57)	(0.96, 0.57, -0.96)	(1.61, 97.05, 304.00)	(0.99, -0.03, -0.12)	(-2.22, 0.31, -1.57)	3.250418	237.4421	-173.6921	161.8944	0	27.18942	-11.4662	24.65341	0	0	0	0
zylia	60	null	0	8	8	StimOn	1027	34.19033	TRUE	null	(-2.22, 0.31, -1.57)	(0.96, 0.57, -0.96)	(1.61, 97.05, 304.00)	(0.99, -0.03, -0.12)	(-2.22, 0.31, -1.57)	3.250418	237.4428	-173.6905	161.8972	0	27.19006	-11.4673	24.65361	0	0	0	0
zylia	60	null	0	8	8	StimOn	1028	34.22368	TRUE	null	(-2.22, 0.31, -1.57)	(0.96, 0.57, -0.96)	(1.61, 97.05, 303.99)	(0.99, -0.03, -0.12)	(-2.22, 0.31, -1.57)	3.25043	237.4392	-173.6852	161.8976	0	27.18954	-11.46704	24.65315	0	0	0	0
zylia	60	null	0	8	8	StimOn	1029	34.25752	TRUE	null	(-2.22, 0.31, -1.57)	(0.96, 0.57, -0.96)	(1.62, 97.05, 303.98)	(0.99, -0.03, -0.12)	(-2.22, 0.31, -1.57)	3.250428	237.4343	-173.6806	161.8953	0	27.18964	-11.46759	24.65301	0	0	0	0
zylia	60	null	0	8	8	StimOn	1030	34.29048	TRUE	null	(-2.22, 0.31, -1.57)	(0.96, 0.57, -0.96)	(1.60, 97.05, 303.99)	(0.99, -0.03, -0.12)	(-2.22, 0.31, -1.57)	3.250421	237.445	-173.6942	161.8964	0	27.19031	-11.46671	24.65415	0	0	0	0
zylia	60	null	0	8	8	StimOn	1031	34.32422	TRUE	null	(-2.22, 0.31, -1.57)	(0.96, 0.57, -0.96)	(1.61, 97.05, 303.99)	(0.99, -0.03, -0.12)	(-2.22, 0.31, -1.57)	3.25042	237.4403	-173.6876	161.8967	0	27.19014	-11.4673	24.6537	0	0	0	0
zylia	60	null	0	8	8	StimOn	1032	34.35717	TRUE	null	(-2.22, 0.31, -1.57)	(0.96, 0.57, -0.96)	(1.60, 97.06, 303.96)	(0.99, -0.03, -0.12)	(-2.22, 0.31, -1.57)	3.250392	237.4451	-173.7009	161.8895	0	27.18957	-11.46638	24.6535	0	0	0	0
zylia	60	null	0	8	8	StimOn	1033	34.3909	TRUE	null	(-2.22, 0.31, -1.57)	(0.96, 0.57, -0.96)	(1.61, 97.06, 303.98)	(0.99, -0.03, -0.12)	(-2.22, 0.31, -1.57)	3.250428	237.4353	-173.6862	161.8908	0	27.18961	-11.46757	24.65298	0	0	0	0
zylia	60	null	0	8	8	ISI	1034	34.42377	TRUE	null	(-2.22, 0.31, -1.57)	(0.96, 0.57, -0.96)	(1.61, 97.05, 303.99)	(0.99, -0.03, -0.12)	(-2.22, 0.31, -1.57)	3.250431	237.4397	-173.6838	161.8999	0	27.19003	-11.46752	24.65347	0	0	0	0
zylia	60	null	0	8	8	ISI	1035	34.4575	TRUE	null	(-2.22, 0.31, -1.57)	(0.96, 0.57, -0.96)	(1.61, 97.06, 303.98)	(0.99, -0.03, -0.12)	(-2.22, 0.31, -1.57)	3.250414	237.4308	-173.6804	161.8903	0	27.18941	-11.46802	24.65256	0	0	0	0
zylia	60	null	0	8	8	ISI	1036	34.49029	TRUE	null	(-2.22, 0.31, -1.57)	(0.96, 0.57, -0.96)	(1.59, 97.07, 303.97)	(0.99, -0.03, -0.12)	(-2.22, 0.31, -1.57)	3.250383	237.4393	-173.7055	161.876	0	27.18899	-11.46671	24.6527	0	0	0	0
zylia	60	null	0	8	8	ISI	1037	34.5242	TRUE	null	(-2.22, 0.31, -1.57)	(0.96, 0.57, -0.96)	(1.61, 97.05, 303.98)	(0.99, -0.03, -0.12)	(-2.22, 0.31, -1.57)	3.250414	237.4443	-173.6897	161.9002	0	27.19032	-11.46712	24.65398	0	0	0	0
zylia	60	null	0	8	8	ISI	1038	34.55714	TRUE	null	(-2.22, 0.31, -1.57)	(0.96, 0.57, -0.96)	(1.60, 97.05, 303.99)	(0.99, -0.03, -0.12)	(-2.22, 0.31, -1.57)	3.250411	237.4457	-173.6931	161.8986	0	27.19006	-11.46668	24.6539	0	0	0	0
zylia	60	null	0	8	8	ISI	1039	34.59112	TRUE	null	(-2.22, 0.31, -1.57)	(0.96, 0.57, -0.96)	(1.61, 97.05, 303.98)	(0.99, -0.03, -0.12)	(-2.22, 0.31, -1.57)	3.250422	237.4428	-173.6899	161.8978	0	27.18983	-11.46692	24.65354	0	0	0	0
zylia	60	null	0	8	8	ISI	1040	34.62402	TRUE	null	(-2.22, 0.31, -1.57)	(0.96, 0.57, -0.96)	(1.61, 97.05, 304.01)	(0.99, -0.03, -0.12)	(-2.22, 0.31, -1.57)	3.250426	237.4429	-173.686	161.9022	0	27.18997	-11.46709	24.65361	0	0	0	0
zylia	60	null	0	8	8	ISI	1041	34.65689	TRUE	null	(-2.22, 0.31, -1.57)	(0.96, 0.57, -0.96)	(1.61, 97.05, 304.00)	(0.99, -0.03, -0.12)	(-2.22, 0.31, -1.57)	3.250426	237.4419	-173.6842	161.9026	0	27.19005	-11.46709	24.65369	0	0	0	0
zylia	60	null	0	8	8	ISI	1042	34.6902	TRUE	null	(-2.22, 0.31, -1.57)	(0.96, 0.57, -0.96)	(1.61, 97.05, 303.98)	(0.99, -0.03, -0.12)	(-2.22, 0.31, -1.57)	3.250425	237.4401	-173.6824	161.902	0	27.19008	-11.46759	24.6535	0	0	0	0
zylia	60	null	0	8	8	ISI	1043	34.72354	TRUE	null	(-2.22, 0.31, -1.57)	(0.96, 0.57, -0.96)	(1.60, 97.06, 303.99)	(0.99, -0.03, -0.12)	(-2.22, 0.31, -1.57)	3.250375	237.4467	-173.7018	161.8908	0	27.18959	-11.46594	24.65372	0	0	0	0
zylia	60	null	0	8	8	ITI	1044	34.75755	TRUE	null	(-2.22, 0.31, -1.57)	(0.96, 0.57, -0.96)	(1.61, 97.05, 303.99)	(0.99, -0.03, -0.12)	(-2.22, 0.31, -1.57)	3.250429	237.4364	-173.6815	161.8974	0	27.18967	-11.46736	24.65314	0	0	0	0
zylia	60	null	0	9	9	ITI	1045	34.79094	TRUE	null	(-2.22, 0.31, -1.57)	(0.96, 0.57, -0.96)	(1.61, 97.05, 303.99)	(0.99, -0.03, -0.12)	(-2.57, 0.80, -1.21)	3.539371	245.1407	177.7653	168.8	0	24.47143	-11.699	21.49382	0	0	0	0
zylia	60	null	0	9	9	StimOn	1046	34.82385	TRUE	null	(-2.22, 0.31, -1.57)	(0.96, 0.57, -0.96)	(1.61, 97.05, 304.00)	(0.99, -0.03, -0.12)	(-2.57, 0.80, -1.21)	3.53937	245.1405	177.7624	168.8029	0	24.47132	-11.69838	21.49403	0	0	0	0
zylia	60	null	0	9	9	StimOn	1047	34.85719	TRUE	null	(-2.57, 0.80, -1.21)	(0.96, 0.57, -0.96)	(1.62, 97.05, 304.00)	(0.99, -0.03, -0.12)	(-2.57, 0.80, -1.21)	3.539361	245.1404	177.7665	168.7985	0	24.47156	-11.69937	21.49376	0	0	0	0
zylia	60	null	0	9	9	StimOn	1048	34.89023	TRUE	null	(-2.57, 0.80, -1.21)	(0.96, 0.57, -0.96)	(1.61, 97.06, 303.97)	(0.99, -0.03, -0.12)	(-2.57, 0.80, -1.21)	3.539353	245.1242	177.7583	168.7834	0	24.47092	-11.69905	21.49321	0	0	0	0
zylia	60	null	0	9	9	StimOn	1049	34.92399	TRUE	null	(-2.57, 0.80, -1.21)	(0.96, 0.57, -0.96)	(1.60, 97.05, 303.98)	(0.99, -0.03, -0.12)	(-2.57, 0.80, -1.21)	3.539359	245.1314	177.7531	168.7994	0	24.4711	-11.69812	21.49392	0	0	0	0
zylia	60	null	0	9	9	StimOn	1050	34.95704	TRUE	null	(-2.57, 0.80, -1.21)	(0.96, 0.57, -0.96)	(1.61, 97.05, 303.99)	(0.99, -0.03, -0.12)	(-2.57, 0.80, -1.21)	3.53936	245.1372	177.7589	168.8018	0	24.47126	-11.69791	21.49422	0	0	0	0
zylia	60	null	0	9	9	StimOn	1051	34.99067	TRUE	null	(-2.57, 0.80, -1.21)	(0.96, 0.57, -0.96)	(1.62, 97.05, 303.99)	(0.99, -0.03, -0.12)	(-2.57, 0.80, -1.21)	3.539368	245.1388	177.7659	168.7966	0	24.47118	-11.6987	21.4937	0	0	0	0
zylia	60	null	0	9	9	StimOn	1052	35.02298	TRUE	null	(-2.57, 0.80, -1.21)	(0.96, 0.57, -0.96)	(1.61, 97.05, 303.98)	(0.99, -0.03, -0.12)	(-2.57, 0.80, -1.21)	3.53937	245.1378	177.764	168.7971	0	24.47119	-11.69854	21.49379	0	0	0	0
zylia	60	null	0	9	9	StimOn	1053	35.05749	TRUE	null	(-2.57, 0.80, -1.21)	(0.96, 0.57, -0.96)	(1.60, 97.08, 303.96)	(0.99, -0.03, -0.12)	(-2.57, 0.80, -1.21)	3.539319	245.1057	177.7448	168.7708	0	24.47032	-11.69858	21.49278	0	0	0	0
zylia	60	null	0	9	9	StimOn	1054	35.09076	TRUE	null	(-2.57, 0.80, -1.21)	(0.96, 0.57, -0.96)	(1.61, 97.06, 303.97)	(0.99, -0.03, -0.12)	(-2.57, 0.80, -1.21)	3.539365	245.1349	177.7637	168.7934	0	24.47132	-11.69871	21.49385	0	0	0	0
zylia	60	null	0	9	9	StimOn	1055	35.12386	TRUE	null	(-2.57, 0.80, -1.21)	(0.96, 0.57, -0.96)	(1.62, 97.05, 304.00)	(0.99, -0.03, -0.12)	(-2.57, 0.80, -1.21)	3.539367	245.138	177.7664	168.7951	0	24.4707	-11.69844	21.49329	0	0	0	0
zylia	60	null	0	9	9	StimOn	1056	35.15694	TRUE	null	(-2.57, 0.80, -1.21)	(0.96, 0.57, -0.96)	(1.60, 97.06, 304.00)	(0.99, -0.03, -0.12)	(-2.57, 0.80, -1.21)	3.539351	245.1201	177.7517	168.7845	0	24.47081	-11.69844	21.49342	0	0	0	0
zylia	60	null	0	9	9	StimOn	1057	35.19059	TRUE	null	(-2.57, 0.80, -1.21)	(0.96, 0.57, -0.96)	(1.61, 97.05, 303.98)	(0.99, -0.03, -0.12)	(-2.57, 0.80, -1.21)	3.539365	245.1297	177.7545	168.7955	0	24.47094	-11.69807	21.49376	0	0	0	0
zylia	60	null	0	9	9	StimOn	1058	35.22355	TRUE	null	(-2.57, 0.80, -1.21)	(0.96, 0.57, -0.96)	(1.60, 97.08, 303.99)	(0.99, -0.03, -0.12)	(-2.57, 0.80, -1.21)	3.539322	245.1062	177.7471	168.7691	0	24.4701	-11.69865	21.49249	0	0	0	0
zylia	60	null	0	9	9	StimOn	1059	35.25749	TRUE	null	(-2.57, 0.80, -1.21)	(0.96, 0.57, -0.96)	(1.61, 97.05, 303.98)	(0.99, -0.03, -0.12)	(-2.57, 0.80, -1.21)	3.539369	245.1377	177.7597	168.8016	0	24.47111	-11.69826	21.49386	0	0	0	0
zylia	60	null	0	9	9	StimOn	1060	35.29063	TRUE	null	(-2.57, 0.80, -1.21)	(0.96, 0.57, -0.96)	(1.61, 97.04, 304.02)	(0.99, -0.03, -0.12)	(-2.57, 0.80, -1.21)	3.539367	245.1397	177.7594	168.8049	0	24.4716	-11.69799	21.49456	0	0	0	0
zylia	60	null	0	9	9	ISI	1061	35.32392	TRUE	null	(-2.57, 0.80, -1.21)	(0.96, 0.57, -0.96)	(1.61, 97.05, 303.98)	(0.99, -0.03, -0.12)	(-2.57, 0.80, -1.21)	3.539369	245.1373	177.7603	168.8004	0	24.47123	-11.69846	21.49388	0	0	0	0
zylia	60	null	0	9	9	ISI	1062	35.35773	TRUE	null	(-2.57, 0.80, -1.21)	(0.96, 0.57, -0.96)	(1.61, 97.05, 304.00)	(0.99, -0.03, -0.12)	(-2.57, 0.80, -1.21)	3.539367	245.1336	177.758	168.7974	0	24.47148	-11.69826	21.49427	0	0	0	0
zylia	60	null	0	9	9	ISI	1063	35.39095	TRUE	null	(-2.57, 0.80, -1.21)	(0.96, 0.57, -0.96)	(1.61, 97.05, 303.99)	(0.99, -0.03, -0.12)	(-2.57, 0.80, -1.21)	3.539359	245.1348	177.7565	168.8007	0	24.4713	-11.69807	21.49417	0	0	0	0
zylia	60	null	0	9	9	ISI	1064	35.42324	TRUE	null	(-2.57, 0.80, -1.21)	(0.96, 0.57, -0.96)	(1.60, 97.07, 303.98)	(0.99, -0.03, -0.12)	(-2.57, 0.80, -1.21)	3.539294	245.1138	177.7441	168.7833	0	24.46999	-11.69713	21.4932	0	0	0	0
zylia	60	null	0	9	9	ISI	1065	35.45759	TRUE	null	(-2.57, 0.80, -1.21)	(0.96, 0.57, -0.96)	(1.59, 97.06, 303.98)	(0.99, -0.03, -0.12)	(-2.57, 0.80, -1.21)	3.539343	245.1169	177.7424	168.7896	0	24.47086	-11.69762	21.49392	0	0	0	0
zylia	60	null	0	9	9	ISI	1066	35.49038	TRUE	null	(-2.57, 0.80, -1.21)	(0.96, 0.57, -0.96)	(1.61, 97.05, 304.01)	(0.99, -0.03, -0.12)	(-2.57, 0.80, -1.21)	3.53936	245.1349	177.7593	168.798	0	24.4709	-11.69821	21.49365	0	0	0	0
zylia	60	null	0	9	9	ISI	1067	35.524	TRUE	null	(-2.57, 0.80, -1.21)	(0.96, 0.57, -0.96)	(1.61, 97.05, 304.01)	(0.99, -0.03, -0.12)	(-2.57, 0.80, -1.21)	3.539358	245.1346	177.759	168.7979	0	24.47107	-11.69841	21.49373	0	0	0	0
zylia	60	null	0	9	9	ISI	1068	35.5574	TRUE	null	(-2.57, 0.80, -1.21)	(0.96, 0.57, -0.96)	(1.61, 97.06, 303.98)	(0.99, -0.03, -0.12)	(-2.57, 0.80, -1.21)	3.53934	245.1242	177.7571	168.7847	0	24.47045	-11.6987	21.49287	0	0	0	0
zylia	60	null	0	9	9	ISI	1069	35.59093	TRUE	null	(-2.57, 0.80, -1.21)	(0.96, 0.57, -0.96)	(1.59, 97.06, 303.99)	(0.99, -0.03, -0.12)	(-2.57, 0.80, -1.21)	3.539312	245.1134	177.7428	168.7842	0	24.4701	-11.69728	21.49324	0	0	0	0
zylia	60	null	0	9	9	ISI	1070	35.62327	TRUE	null	(-2.57, 0.80, -1.21)	(0.96, 0.57, -0.96)	(1.59, 97.08, 303.98)	(0.99, -0.03, -0.12)	(-2.57, 0.80, -1.21)	3.539288	245.0989	177.7357	168.7706	0	24.47019	-11.69775	21.49309	0	0	0	0
zylia	60	null	0	9	9	ISI	1071	35.65738	TRUE	null	(-2.57, 0.80, -1.21)	(0.96, 0.57, -0.96)	(1.60, 97.08, 303.97)	(0.99, -0.03, -0.12)	(-2.57, 0.80, -1.21)	3.539307	245.1115	177.7522	168.7714	0	24.46955	-11.69881	21.49179	0	0	0	0
zylia	60	null	0	9	9	ISI	1072	35.69048	TRUE	null	(-2.57, 0.80, -1.21)	(0.96, 0.57, -0.96)	(1.61, 97.05, 303.98)	(0.99, -0.03, -0.12)	(-2.57, 0.80, -1.21)	3.539368	245.1404	177.7653	168.7995	0	24.47143	-11.69908	21.49378	0	0	0	0
zylia	60	null	0	9	9	ISI	1073	35.72409	TRUE	null	(-2.57, 0.80, -1.21)	(0.96, 0.57, -0.96)	(1.61, 97.05, 304.00)	(0.99, -0.03, -0.12)	(-2.57, 0.80, -1.21)	3.539367	245.1402	177.7635	168.8013	0	24.47125	-11.69861	21.49383	0	0	0	0
zylia	60	null	0	9	9	ISI	1074	35.7574	TRUE	null	(-2.57, 0.80, -1.21)	(0.96, 0.57, -0.96)	(1.61, 97.05, 303.97)	(0.99, -0.03, -0.12)	(-2.57, 0.80, -1.21)	3.539367	245.1379	177.765	168.7963	0	24.47134	-11.69908	21.49367	0	0	0	0
zylia	60	null	0	9	9	ISI	1075	35.79108	TRUE	null	(-2.57, 0.80, -1.21)	(0.96, 0.57, -0.96)	(1.60, 97.05, 303.99)	(0.99, -0.03, -0.12)	(-2.57, 0.80, -1.21)	3.539348	245.1252	177.7487	168.7949	0	24.47108	-11.69779	21.49408	0	0	0	0
zylia	60	null	0	9	9	ISI	1076	35.82365	TRUE	null	(-2.57, 0.80, -1.21)	(0.96, 0.57, -0.96)	(1.60, 97.06, 303.98)	(0.99, -0.03, -0.12)	(-2.57, 0.80, -1.21)	3.539352	245.1226	177.7527	168.7871	0	24.47107	-11.6986	21.49363	0	0	0	0
zylia	60	null	0	9	9	ISI	1077	35.85688	TRUE	null	(-2.57, 0.80, -1.21)	(0.96, 0.57, -0.96)	(1.61, 97.05, 304.00)	(0.99, -0.03, -0.12)	(-2.57, 0.80, -1.21)	3.539367	245.1402	177.762	168.8028	0	24.47156	-11.69856	21.49421	0	0	0	0
zylia	60	null	0	9	9	ISI	1078	35.89052	TRUE	null	(-2.57, 0.80, -1.21)	(0.96, 0.57, -0.96)	(1.62, 97.05, 303.99)	(0.99, -0.03, -0.12)	(-2.57, 0.80, -1.21)	3.539367	245.1399	177.766	168.7982	0	24.47127	-11.69888	21.49371	0	0	0	0
zylia	60	null	0	9	9	ISI	1079	35.92371	TRUE	null	(-2.57, 0.80, -1.21)	(0.96, 0.57, -0.96)	(1.61, 97.05, 303.98)	(0.99, -0.03, -0.12)	(-2.57, 0.80, -1.21)	3.539361	245.1376	177.7589	168.8023	0	24.47134	-11.69843	21.49403	0	0	0	0
zylia	60	null	0	9	9	ISI	1080	35.95742	TRUE	null	(-2.57, 0.80, -1.21)	(0.96, 0.57, -0.96)	(1.61, 97.05, 303.99)	(0.99, -0.03, -0.12)	(-2.57, 0.80, -1.21)	3.539361	245.1375	177.7615	168.7995	0	24.47118	-11.69833	21.4939	0	0	0	0
zylia	60	null	0	9	9	ISI	1081	35.99033	TRUE	null	(-2.57, 0.80, -1.21)	(0.96, 0.57, -0.96)	(1.59, 97.08, 303.99)	(0.99, -0.03, -0.12)	(-2.57, 0.80, -1.21)	3.53929	245.0945	177.7351	168.7647	0	24.46995	-11.6978	21.49278	0	0	0	0
zylia	60	null	0	9	9	ISI	1082	36.02408	TRUE	null	(-2.57, 0.80, -1.21)	(0.96, 0.57, -0.96)	(1.60, 97.06, 303.94)	(0.99, -0.03, -0.12)	(-2.57, 0.80, -1.21)	3.53935	245.1266	177.7532	168.7923	0	24.47084	-11.69823	21.49357	0	0	0	0
zylia	60	null	0	9	9	ISI	1083	36.05764	TRUE	null	(-2.57, 0.80, -1.21)	(0.96, 0.57, -0.96)	(1.61, 97.05, 304.00)	(0.99, -0.03, -0.12)	(-2.57, 0.80, -1.21)	3.539367	245.1384	177.7651	168.797	0	24.47122	-11.6989	21.49364	0	0	0	0
zylia	60	null	0	9	9	ISI	1084	36.09017	TRUE	null	(-2.57, 0.80, -1.21)	(0.96, 0.57, -0.96)	(1.61, 97.06, 303.96)	(0.99, -0.03, -0.12)	(-2.57, 0.80, -1.21)	3.539358	245.1277	177.7576	168.7892	0	24.47099	-11.69871	21.49347	0	0	0	0
zylia	60	null	0	9	9	ISI	1085	36.1244	TRUE	null	(-2.57, 0.80, -1.21)	(0.96, 0.57, -0.96)	(1.60, 97.06, 304.00)	(0.99, -0.03, -0.12)	(-2.57, 0.80, -1.21)	3.539349	245.1204	177.7532	168.7833	0	24.47049	-11.69849	21.49302	0	0	0	0
zylia	60	null	0	9	9	ISI	1086	36.15717	TRUE	null	(-2.57, 0.80, -1.21)	(0.96, 0.57, -0.96)	(1.61, 97.06, 303.99)	(0.99, -0.03, -0.12)	(-2.57, 0.80, -1.21)	3.539371	245.1336	177.7614	168.7938	0	24.47107	-11.69844	21.49371	0	0	0	0
zylia	60	null	0	9	9	ISI	1087	36.19074	TRUE	null	(-2.57, 0.80, -1.21)	(0.96, 0.57, -0.96)	(1.62, 97.05, 304.01)	(0.99, -0.03, -0.12)	(-2.57, 0.80, -1.21)	3.539368	245.1377	177.7648	168.7963	0	24.47096	-11.69844	21.49359	0	0	0	0
zylia	60	null	0	9	9	ISI	1088	36.22443	TRUE	null	(-2.57, 0.80, -1.21)	(0.96, 0.57, -0.96)	(1.61, 97.05, 303.97)	(0.99, -0.03, -0.12)	(-2.57, 0.80, -1.21)	3.539363	245.1338	177.7582	168.7975	0	24.4717	-11.69853	21.49438	0	0	0	0
zylia	60	null	0	9	9	ISI	1089	36.25728	TRUE	null	(-2.57, 0.80, -1.21)	(0.96, 0.57, -0.96)	(1.61, 97.05, 303.99)	(0.99, -0.03, -0.12)	(-2.57, 0.80, -1.21)	3.539359	245.1364	177.762	168.7973	0	24.4713	-11.69878	21.49379	0	0	0	0
zylia	60	null	0	9	9	ISI	1090	36.29091	TRUE	null	(-2.57, 0.80, -1.21)	(0.96, 0.57, -0.96)	(1.59, 97.08, 303.97)	(0.99, -0.03, -0.12)	(-2.57, 0.80, -1.21)	3.539288	245.0975	177.7377	168.7664	0	24.47005	-11.69796	21.49281	0	0	0	0
zylia	60	null	0	9	9	ISI	1091	36.32357	TRUE	null	(-2.57, 0.80, -1.21)	(0.96, 0.57, -0.96)	(1.60, 97.06, 303.98)	(0.99, -0.03, -0.12)	(-2.57, 0.80, -1.21)	3.53934	245.1217	177.751	168.7875	0	24.47061	-11.69814	21.49335	0	0	0	0
zylia	60	null	0	9	9	ITI	1092	36.35703	TRUE	null	(-2.57, 0.80, -1.21)	(0.96, 0.57, -0.96)	(1.61, 97.05, 304.00)	(0.99, -0.03, -0.12)	(-2.57, 0.80, -1.21)	3.539364	245.1384	177.7638	168.7983	0	24.47105	-11.69866	21.49357	0	0	0	0
zylia	60	null	0	10	10	ITI	1093	36.39089	TRUE	null	(-2.57, 0.80, -1.21)	(0.96, 0.57, -0.96)	(1.61, 97.06, 303.98)	(0.99, -0.03, -0.12)	(0.83, 0.45, -2.14)	1.195998	118.8429	-78.86359	88.9054	0	33.20003	-17.37747	28.28897	0	0	0	0
zylia	60	null	0	10	10	StimOn	1094	36.42353	TRUE	null	(-2.57, 0.80, -1.21)	(0.96, 0.57, -0.96)	(1.60, 97.06, 303.97)	(0.99, -0.03, -0.12)	(0.83, 0.45, -2.14)	1.195993	118.8032	-78.80997	88.89983	0	33.19983	-17.37842	28.28815	0	0	0	0
zylia	60	null	0	10	10	StimOn	1095	36.45748	TRUE	null	(0.83, 0.45, -2.14)	(0.96, 0.57, -0.96)	(1.61, 97.05, 303.98)	(0.99, -0.03, -0.12)	(0.83, 0.45, -2.14)	1.195986	118.9059	-78.94904	88.91379	0	33.20087	-17.37867	28.28921	0	0	0	0
zylia	60	null	0	10	10	StimOn	1096	36.49071	TRUE	null	(0.83, 0.45, -2.14)	(0.96, 0.57, -0.96)	(1.61, 97.05, 303.97)	(0.99, -0.03, -0.12)	(0.83, 0.45, -2.14)	1.195976	118.8987	-78.93925	88.91289	0	33.20063	-17.37815	28.28925	0	0	0	0
zylia	60	null	0	10	10	StimOn	1097	36.52402	TRUE	null	(0.83, 0.45, -2.14)	(0.96, 0.57, -0.96)	(1.62, 97.05, 303.99)	(0.99, -0.03, -0.12)	(0.83, 0.45, -2.14)	1.19598	118.9001	-78.94107	88.91308	0	33.20089	-17.37821	28.28952	0	0	0	0
zylia	60	null	0	10	10	StimOn	1098	36.55753	TRUE	null	(0.83, 0.45, -2.14)	(0.96, 0.57, -0.96)	(1.60, 97.06, 303.97)	(0.99, -0.03, -0.12)	(0.83, 0.45, -2.14)	1.19597	118.8393	-78.85844	88.90518	0	33.19862	-17.37566	28.28843	0	0	0	0
zylia	60	null	0	10	10	StimOn	1099	36.5902	TRUE	null	(0.83, 0.45, -2.14)	(0.96, 0.57, -0.96)	(1.60, 97.07, 303.97)	(0.99, -0.03, -0.12)	(0.83, 0.45, -2.14)	1.196074	118.7134	-78.68828	88.8877	0	33.19733	-17.37788	28.28555	0	0	0	0
zylia	60	null	0	10	10	StimOn	1100	36.62359	TRUE	null	(0.83, 0.45, -2.14)	(0.96, 0.57, -0.96)	(1.62, 97.05, 304.01)	(0.99, -0.03, -0.12)	(0.83, 0.45, -2.14)	1.196029	118.8896	-78.92712	88.91142	0	33.20169	-17.37973	28.28953	0	0	0	0
zylia	60	null	0	10	10	StimOn	1101	36.65762	TRUE	null	(0.83, 0.45, -2.14)	(0.96, 0.57, -0.96)	(1.61, 97.05, 304.00)	(0.99, -0.03, -0.12)	(0.83, 0.45, -2.14)	1.195957	118.8793	-78.91304	88.91022	0	33.20152	-17.37836	28.29017	0	0	0	0
zylia	60	null	0	10	10	StimOn	1102	36.69104	TRUE	null	(0.83, 0.45, -2.14)	(0.96, 0.57, -0.96)	(1.62, 97.05, 304.00)	(0.99, -0.03, -0.12)	(0.83, 0.45, -2.14)	1.195997	118.895	-78.93433	88.9123	0	33.2015	-17.37878	28.28989	0	0	0	0
zylia	60	null	0	10	10	StimOn	1103	36.72397	TRUE	null	(0.83, 0.45, -2.14)	(0.96, 0.57, -0.96)	(1.60, 97.06, 303.98)	(0.99, -0.03, -0.12)	(0.83, 0.45, -2.14)	1.195991	118.8237	-78.83759	88.90275	0	33.19972	-17.37765	28.28849	0	0	0	0
zylia	60	null	0	10	10	StimOn	1104	36.75756	TRUE	null	(0.83, 0.45, -2.14)	(0.96, 0.57, -0.96)	(1.61, 97.06, 303.98)	(0.99, -0.03, -0.12)	(0.83, 0.45, -2.14)	1.195984	118.8658	-78.89472	88.90833	0	33.20138	-17.37873	28.28977	0	0	0	0
zylia	60	null	0	10	10	StimOn	1105	36.7905	TRUE	null	(0.83, 0.45, -2.14)	(0.96, 0.57, -0.96)	(1.60, 97.06, 303.95)	(0.99, -0.03, -0.12)	(0.83, 0.45, -2.14)	1.195995	118.8309	-78.84731	88.90385	0	33.19877	-17.37689	28.28784	0	0	0	0
zylia	60	null	0	10	10	StimOn	1106	36.82301	TRUE	null	(0.83, 0.45, -2.14)	(0.96, 0.57, -0.96)	(1.60, 97.07, 303.96)	(0.99, -0.03, -0.12)	(0.83, 0.45, -2.14)	1.195991	118.7743	-78.77062	88.89616	0	33.19778	-17.37676	28.28676	0	0	0	0
zylia	60	null	0	10	10	StimOn	1107	36.85754	TRUE	null	(0.83, 0.45, -2.14)	(0.96, 0.57, -0.96)	(1.60, 97.06, 303.99)	(0.99, -0.03, -0.12)	(0.83, 0.45, -2.14)	1.195987	118.8179	-78.82975	88.90205	0	33.19943	-17.37709	28.28849	0	0	0	0
zylia	60	null	0	10	10	StimOn	1108	36.89099	TRUE	null	(0.83, 0.45, -2.14)	(0.96, 0.57, -0.96)	(1.60, 97.06, 303.99)	(0.99, -0.03, -0.12)	(0.83, 0.45, -2.14)	1.195981	118.8005	-78.80615	88.89967	0	33.19841	-17.37715	28.28726	0	0	0	0
zylia	60	null	0	10	10	ISI	1109	36.92403	TRUE	null	(0.83, 0.45, -2.14)	(0.96, 0.57, -0.96)	(1.61, 97.05, 303.96)	(0.99, -0.03, -0.12)	(0.83, 0.45, -2.14)	1.195974	118.9332	-78.986	88.91743	0	33.20186	-17.37907	28.29013	0	0	0	0
zylia	60	null	0	10	10	ISI	1110	36.95742	TRUE	null	(0.83, 0.45, -2.14)	(0.96, 0.57, -0.96)	(1.61, 97.06, 303.95)	(0.99, -0.03, -0.12)	(0.83, 0.45, -2.14)	1.195986	118.8593	-78.88609	88.90738	0	33.20136	-17.37911	28.28952	0	0	0	0
zylia	60	null	0	10	10	ISI	1111	36.99097	TRUE	null	(0.83, 0.45, -2.14)	(0.96, 0.57, -0.96)	(1.61, 97.06, 303.98)	(0.99, -0.03, -0.12)	(0.83, 0.45, -2.14)	1.19599	118.8534	-78.87788	88.90681	0	33.1997	-17.37756	28.28852	0	0	0	0
zylia	60	null	0	10	10	ISI	1112	37.02357	TRUE	null	(0.83, 0.45, -2.14)	(0.96, 0.57, -0.96)	(1.61, 97.06, 303.96)	(0.99, -0.03, -0.12)	(0.83, 0.45, -2.14)	1.196017	118.8493	-78.87264	88.90595	0	33.201	-17.37954	28.28883	0	0	0	0
zylia	60	null	0	10	10	ISI	1113	37.05719	TRUE	null	(0.83, 0.45, -2.14)	(0.96, 0.57, -0.96)	(1.61, 97.05, 304.01)	(0.99, -0.03, -0.12)	(0.83, 0.45, -2.14)	1.195987	118.9037	-78.94589	88.9137	0	33.20033	-17.37734	28.28939	0	0	0	0
zylia	60	null	0	10	10	ISI	1114	37.09076	TRUE	null	(0.83, 0.45, -2.14)	(0.96, 0.57, -0.96)	(1.60, 97.06, 303.97)	(0.99, -0.03, -0.12)	(0.83, 0.45, -2.14)	1.195961	118.8408	-78.86039	88.9054	0	33.19874	-17.3755	28.28866	0	0	0	0
zylia	60	null	0	10	10	ISI	1115	37.12381	TRUE	null	(0.83, 0.45, -2.14)	(0.96, 0.57, -0.96)	(1.61, 97.05, 303.98)	(0.99, -0.03, -0.12)	(0.83, 0.45, -2.14)	1.195965	118.8967	-78.93645	88.91266	0	33.20073	-17.37778	28.28959	0	0	0	0
zylia	60	null	0	10	10	ISI	1116	37.15767	TRUE	null	(0.83, 0.45, -2.14)	(0.96, 0.57, -0.96)	(1.61, 97.05, 303.95)	(0.99, -0.03, -0.12)	(0.83, 0.45, -2.14)	1.195974	118.913	-78.95858	88.91483	0	33.20108	-17.37823	28.28973	0	0	0	0
zylia	60	null	0	10	10	ISI	1117	37.19069	TRUE	null	(0.83, 0.45, -2.14)	(0.96, 0.57, -0.96)	(1.61, 97.06, 303.97)	(0.99, -0.03, -0.12)	(0.83, 0.45, -2.14)	1.195974	118.8552	-78.88023	88.90704	0	33.19983	-17.37761	28.28864	0	0	0	0
zylia	60	null	0	10	10	ITI	1118	37.22443	TRUE	null	(0.83, 0.45, -2.14)	(0.96, 0.57, -0.96)	(1.61, 97.05, 303.97)	(0.99, -0.03, -0.12)	(0.83, 0.45, -2.14)	1.195967	118.9371	-78.99107	88.91824	0	33.20031	-17.37718	28.28947	0	0	0	0
zylia	60	null	0	11	11	ITI	1119	37.25762	TRUE	null	(0.83, 0.45, -2.14)	(0.96, 0.57, -0.96)	(1.60, 97.07, 303.97)	(0.99, -0.03, -0.12)	(0.46, 0.86, -2.34)	1.502659	172.7431	138.8503	102.7656	0	30.99162	-6.741365	30.24953	0	0	0	0
zylia	60	null	0	11	11	StimOn	1120	37.29106	TRUE	null	(0.83, 0.45, -2.14)	(0.96, 0.57, -0.96)	(1.60, 97.07, 303.99)	(0.99, -0.03, -0.12)	(0.46, 0.86, -2.34)	1.502655	172.7399	138.849	102.7621	0	30.99323	-6.743431	30.25072	0	0	0	0
zylia	60	null	0	11	11	StimOn	1121	37.32426	TRUE	null	(0.46, 0.86, -2.34)	(0.96, 0.57, -0.96)	(1.61, 97.06, 303.98)	(0.99, -0.03, -0.12)	(0.46, 0.86, -2.34)	1.50259	172.7935	138.9008	102.7821	0	30.99569	-6.743256	30.25328	0	0	0	0
zylia	60	null	0	11	11	StimOn	1122	37.35729	TRUE	null	(0.46, 0.86, -2.34)	(0.96, 0.57, -0.96)	(1.61, 97.06, 303.97)	(0.99, -0.03, -0.12)	(0.46, 0.86, -2.34)	1.502619	172.773	138.881	102.7745	0	30.99451	-6.743198	30.25209	0	0	0	0
zylia	60	null	0	11	11	StimOn	1123	37.3911	TRUE	null	(0.46, 0.86, -2.34)	(0.96, 0.57, -0.96)	(1.61, 97.05, 303.99)	(0.99, -0.03, -0.12)	(0.46, 0.86, -2.34)	1.502614	172.813	138.9201	102.7888	0	30.99573	-6.743838	30.2532	0	0	0	0
zylia	60	null	0	11	11	StimOn	1124	37.42435	TRUE	null	(0.46, 0.86, -2.34)	(0.96, 0.57, -0.96)	(1.61, 97.05, 303.98)	(0.99, -0.03, -0.12)	(0.46, 0.86, -2.34)	1.502621	172.8035	138.9116	102.7844	0	30.99586	-6.744303	30.25323	0	0	0	0
zylia	60	null	0	11	11	StimOn	1125	37.45747	TRUE	null	(0.46, 0.86, -2.34)	(0.96, 0.57, -0.96)	(1.61, 97.06, 303.98)	(0.99, -0.03, -0.12)	(0.46, 0.86, -2.34)	1.502599	172.7873	138.8949	102.7797	0	30.99559	-6.743343	30.25317	0	0	0	0
zylia	60	null	0	11	11	StimOn	1126	37.49026	TRUE	null	(0.46, 0.86, -2.34)	(0.96, 0.57, -0.96)	(1.61, 97.05, 303.99)	(0.99, -0.03, -0.12)	(0.46, 0.86, -2.34)	1.502611	172.8126	138.9186	102.7902	0	30.99534	-6.742674	30.25306	0	0	0	0
zylia	60	null	0	11	11	StimOn	1127	37.52422	TRUE	null	(0.46, 0.86, -2.34)	(0.96, 0.57, -0.96)	(1.61, 97.05, 303.99)	(0.99, -0.03, -0.12)	(0.46, 0.86, -2.34)	1.502596	172.8095	138.915	102.7899	0	30.99519	-6.741947	30.25306	0	0	0	0
zylia	60	null	0	11	11	StimOn	1128	37.55745	TRUE	null	(0.46, 0.86, -2.34)	(0.96, 0.57, -0.96)	(1.61, 97.05, 303.99)	(0.99, -0.03, -0.12)	(0.46, 0.86, -2.34)	1.502594	172.8131	138.9188	102.7906	0	30.99576	-6.741598	30.25373	0	0	0	0
zylia	60	null	0	11	11	StimOn	1129	37.59031	TRUE	null	(0.46, 0.86, -2.34)	(0.96, 0.57, -0.96)	(1.61, 97.04, 304.00)	(0.99, -0.03, -0.12)	(0.46, 0.86, -2.34)	1.50259	172.822	138.9274	102.7941	0	30.99542	-6.742529	30.25317	0	0	0	0
zylia	60	null	0	11	11	StimOn	1130	37.62403	TRUE	null	(0.46, 0.86, -2.34)	(0.96, 0.57, -0.96)	(1.61, 97.06, 303.98)	(0.99, -0.03, -0.12)	(0.46, 0.86, -2.34)	1.502622	172.7832	138.8909	102.7781	0	30.99459	-6.743343	30.25213	0	0	0	0
zylia	60	null	0	11	11	StimOn	1131	37.65689	TRUE	null	(0.46, 0.86, -2.34)	(0.96, 0.57, -0.96)	(1.61, 97.05, 303.98)	(0.99, -0.03, -0.12)	(0.46, 0.86, -2.34)	1.502614	172.8146	138.921	102.7903	0	30.99503	-6.743023	30.25266	0	0	0	0
zylia	60	null	0	11	11	StimOn	1132	37.69027	TRUE	null	(0.46, 0.86, -2.34)	(0.96, 0.57, -0.96)	(1.62, 97.05, 303.99)	(0.99, -0.03, -0.12)	(0.46, 0.86, -2.34)	1.50263	172.8094	138.9174	102.7864	0	30.9954	-6.74439	30.25274	0	0	0	0
zylia	60	null	0	11	11	StimOn	1133	37.72363	TRUE	null	(0.46, 0.86, -2.34)	(0.96, 0.57, -0.96)	(1.62, 97.06, 303.97)	(0.99, -0.03, -0.12)	(0.46, 0.86, -2.34)	1.502645	172.8015	138.9099	102.7833	0	30.99494	-6.744448	30.25225	0	0	0	0
zylia	60	null	0	11	11	StimOn	1134	37.75735	TRUE	null	(0.46, 0.86, -2.34)	(0.96, 0.57, -0.96)	(1.61, 97.05, 303.99)	(0.99, -0.03, -0.12)	(0.46, 0.86, -2.34)	1.50259	172.8135	138.9192	102.7909	0	30.99508	-6.74186	30.25297	0	0	0	0
zylia	60	null	0	11	11	StimOn	1135	37.79052	TRUE	null	(0.46, 0.86, -2.34)	(0.96, 0.57, -0.96)	(1.61, 97.05, 303.98)	(0.99, -0.03, -0.12)	(0.46, 0.86, -2.34)	1.50259	172.8146	138.9199	102.7917	0	30.99558	-6.742151	30.25342	0	0	0	0
zylia	60	null	0	11	11	ISI	1136	37.82405	TRUE	null	(0.46, 0.86, -2.34)	(0.96, 0.57, -0.96)	(1.60, 97.07, 303.98)	(0.99, -0.03, -0.12)	(0.46, 0.86, -2.34)	1.502625	172.7473	138.8545	102.767	0	30.99287	-6.741744	30.25074	0	0	0	0
zylia	60	null	0	11	11	ISI	1137	37.85691	TRUE	null	(0.46, 0.86, -2.34)	(0.96, 0.57, -0.96)	(1.62, 97.05, 304.00)	(0.99, -0.03, -0.12)	(0.46, 0.86, -2.34)	1.502625	172.8076	138.9152	102.7864	0	30.99535	-6.743721	30.25283	0	0	0	0
zylia	60	null	0	11	11	ISI	1138	37.89029	TRUE	null	(0.46, 0.86, -2.34)	(0.96, 0.57, -0.96)	(1.61, 97.05, 304.01)	(0.99, -0.03, -0.12)	(0.46, 0.86, -2.34)	1.502591	172.8158	138.9214	102.7918	0	30.99535	-6.742005	30.25322	0	0	0	0
zylia	60	null	0	11	11	ISI	1139	37.92358	TRUE	null	(0.46, 0.86, -2.34)	(0.96, 0.57, -0.96)	(1.61, 97.07, 303.98)	(0.99, -0.03, -0.12)	(0.46, 0.86, -2.34)	1.502659	172.7655	138.8763	102.7683	0	30.99495	-6.745175	30.2521	0	0	0	0
zylia	60	null	0	11	11	ISI	1140	37.95713	TRUE	null	(0.46, 0.86, -2.34)	(0.96, 0.57, -0.96)	(1.60, 97.08, 303.97)	(0.99, -0.03, -0.12)	(0.46, 0.86, -2.34)	1.502679	172.7265	138.8364	102.7565	0	30.99159	-6.742907	30.24917	0	0	0	0
zylia	60	null	0	11	11	ISI	1141	37.99037	TRUE	null	(0.46, 0.86, -2.34)	(0.96, 0.57, -0.96)	(1.62, 97.05, 303.98)	(0.99, -0.03, -0.12)	(0.46, 0.86, -2.34)	1.502603	172.8129	138.921	102.7875	0	30.99579	-6.744536	30.2531	0	0	0	0
zylia	60	null	0	11	11	ISI	1142	38.024	TRUE	null	(0.46, 0.86, -2.34)	(0.96, 0.57, -0.96)	(1.60, 97.06, 303.99)	(0.99, -0.03, -0.12)	(0.46, 0.86, -2.34)	1.502597	172.7778	138.8848	102.7774	0	30.99451	-6.742645	30.25221	0	0	0	0
zylia	60	null	0	11	11	ISI	1143	38.05648	TRUE	null	(0.46, 0.86, -2.34)	(0.96, 0.57, -0.96)	(1.60, 97.07, 303.99)	(0.99, -0.03, -0.12)	(0.46, 0.86, -2.34)	1.502619	172.7582	138.8661	102.7697	0	30.99374	-6.742878	30.25137	0	0	0	0
zylia	60	null	0	11	11	ISI	1144	38.09067	TRUE	null	(0.46, 0.86, -2.34)	(0.96, 0.57, -0.96)	(1.60, 97.06, 304.00)	(0.99, -0.03, -0.12)	(0.46, 0.86, -2.34)	1.502611	172.7574	138.8644	102.7707	0	30.99396	-6.741744	30.25185	0	0	0	0
zylia	60	null	0	11	11	ISI	1145	38.12403	TRUE	null	(0.46, 0.86, -2.34)	(0.96, 0.57, -0.96)	(1.62, 97.05, 303.97)	(0.99, -0.03, -0.12)	(0.46, 0.86, -2.34)	1.502609	172.8087	138.9161	102.7871	0	30.99544	-6.743372	30.25301	0	0	0	0
zylia	60	null	0	11	11	ISI	1146	38.15739	TRUE	null	(0.46, 0.86, -2.34)	(0.96, 0.57, -0.96)	(1.62, 97.05, 304.01)	(0.99, -0.03, -0.12)	(0.46, 0.86, -2.34)	1.502633	172.8148	138.9235	102.7872	0	30.99564	-6.746047	30.25261	0	0	0	0
zylia	60	null	0	11	11	ISI	1147	38.19086	TRUE	null	(0.46, 0.86, -2.34)	(0.96, 0.57, -0.96)	(1.61, 97.05, 303.98)	(0.99, -0.03, -0.12)	(0.46, 0.86, -2.34)	1.502586	172.8095	138.9162	102.7882	0	30.99566	-6.742616	30.2534	0	0	0	0
zylia	60	null	0	11	11	ISI	1148	38.2239	TRUE	null	(0.46, 0.86, -2.34)	(0.96, 0.57, -0.96)	(1.61, 97.06, 303.98)	(0.99, -0.03, -0.12)	(0.46, 0.86, -2.34)	1.50261	172.7747	138.8828	102.7748	0	30.99556	-6.74282	30.25325	0	0	0	0
zylia	60	null	0	11	11	ISI	1149	38.25739	TRUE	null	(0.46, 0.86, -2.34)	(0.96, 0.57, -0.96)	(1.61, 97.05, 303.99)	(0.99, -0.03, -0.12)	(0.46, 0.86, -2.34)	1.502597	172.8148	138.9211	102.7905	0	30.9952	-6.743227	30.25279	0	0	0	0
zylia	60	null	0	11	11	ISI	1150	38.29099	TRUE	null	(0.46, 0.86, -2.34)	(0.96, 0.57, -0.96)	(1.61, 97.05, 304.00)	(0.99, -0.03, -0.12)	(0.46, 0.86, -2.34)	1.502602	172.8087	138.9147	102.7889	0	30.99496	-6.742354	30.25274	0	0	0	0
zylia	60	null	0	11	11	ISI	1151	38.32381	TRUE	null	(0.46, 0.86, -2.34)	(0.96, 0.57, -0.96)	(1.60, 97.07, 303.98)	(0.99, -0.03, -0.12)	(0.46, 0.86, -2.34)	1.502642	172.7516	138.8597	102.7671	0	30.99336	-6.742122	30.25115	0	0	0	0
zylia	60	null	0	11	11	ISI	1152	38.35737	TRUE	null	(0.46, 0.86, -2.34)	(0.96, 0.57, -0.96)	(1.60, 97.05, 303.98)	(0.99, -0.03, -0.12)	(0.46, 0.86, -2.34)	1.50259	172.7906	138.8965	102.783	0	30.994	-6.741831	30.25187	0	0	0	0
zylia	60	null	0	11	11	ISI	1153	38.39033	TRUE	null	(0.46, 0.86, -2.34)	(0.96, 0.57, -0.96)	(1.61, 97.06, 303.96)	(0.99, -0.03, -0.12)	(0.46, 0.86, -2.34)	1.502607	172.7934	138.9	102.783	0	30.99436	-6.741482	30.25232	0	0	0	0
zylia	60	null	0	11	11	ISI	1154	38.42393	TRUE	null	(0.46, 0.86, -2.34)	(0.96, 0.57, -0.96)	(1.61, 97.05, 304.00)	(0.99, -0.03, -0.12)	(0.46, 0.86, -2.34)	1.502611	172.8078	138.9138	102.7886	0	30.99532	-6.742354	30.2531	0	0	0	0
zylia	60	null	0	11	11	ISI	1155	38.45748	TRUE	null	(0.46, 0.86, -2.34)	(0.96, 0.57, -0.96)	(1.61, 97.05, 303.99)	(0.99, -0.03, -0.12)	(0.46, 0.86, -2.34)	1.502635	172.796	138.9031	102.7831	0	30.99479	-6.743227	30.25237	0	0	0	0
zylia	60	null	0	11	11	ISI	1156	38.49053	TRUE	null	(0.46, 0.86, -2.34)	(0.96, 0.57, -0.96)	(1.61, 97.05, 303.98)	(0.99, -0.03, -0.12)	(0.46, 0.86, -2.34)	1.502626	172.8092	138.9163	102.7875	0	30.99527	-6.743431	30.25281	0	0	0	0
zylia	60	null	0	11	11	ISI	1157	38.52376	TRUE	null	(0.46, 0.86, -2.34)	(0.96, 0.57, -0.96)	(1.61, 97.06, 303.99)	(0.99, -0.03, -0.12)	(0.46, 0.86, -2.34)	1.502628	172.7991	138.9069	102.7832	0	30.99591	-6.744245	30.25329	0	0	0	0
zylia	60	null	0	11	11	ISI	1158	38.55738	TRUE	null	(0.46, 0.86, -2.34)	(0.96, 0.57, -0.96)	(1.61, 97.05, 304.00)	(0.99, -0.03, -0.12)	(0.46, 0.86, -2.34)	1.502622	172.8028	138.9094	102.786	0	30.99498	-6.742878	30.25264	0	0	0	0
zylia	60	null	0	11	11	ISI	1159	38.59025	TRUE	null	(0.46, 0.86, -2.34)	(0.96, 0.57, -0.96)	(1.61, 97.05, 303.97)	(0.99, -0.03, -0.12)	(0.46, 0.86, -2.34)	1.502605	172.8058	138.9112	102.7888	0	30.99509	-6.741831	30.25299	0	0	0	0
zylia	60	null	0	11	11	ISI	1160	38.62457	TRUE	null	(0.46, 0.86, -2.34)	(0.96, 0.57, -0.96)	(1.59, 97.07, 303.96)	(0.99, -0.03, -0.12)	(0.46, 0.86, -2.34)	1.502636	172.7321	138.8404	102.7606	0	30.99314	-6.742587	30.25083	0	0	0	0
zylia	60	null	0	11	11	ISI	1161	38.65685	TRUE	null	(0.46, 0.86, -2.34)	(0.96, 0.57, -0.96)	(1.61, 97.05, 304.00)	(0.99, -0.03, -0.12)	(0.46, 0.86, -2.34)	1.502598	172.8133	138.9188	102.7911	0	30.99479	-6.741773	30.25269	0	0	0	0
zylia	60	null	0	11	11	ISI	1162	38.69082	TRUE	null	(0.46, 0.86, -2.34)	(0.96, 0.57, -0.96)	(1.60, 97.06, 303.98)	(0.99, -0.03, -0.12)	(0.46, 0.86, -2.34)	1.502602	172.7834	138.8897	102.78	0	30.99434	-6.741889	30.25221	0	0	0	0
zylia	60	null	0	11	11	ISI	1163	38.72422	TRUE	null	(0.46, 0.86, -2.34)	(0.96, 0.57, -0.96)	(1.61, 97.05, 303.98)	(0.99, -0.03, -0.12)	(0.46, 0.86, -2.34)	1.502611	172.7941	138.9012	102.7826	0	30.99444	-6.743023	30.25205	0	0	0	0
zylia	60	null	0	11	11	ISI	1164	38.75756	TRUE	null	(0.46, 0.86, -2.34)	(0.96, 0.57, -0.96)	(1.60, 97.08, 303.98)	(0.99, -0.03, -0.12)	(0.46, 0.86, -2.34)	1.502653	172.7319	138.8419	102.758	0	30.99238	-6.743809	30.24977	0	0	0	0
zylia	60	null	0	11	11	ISI	1165	38.79121	TRUE	null	(0.46, 0.86, -2.34)	(0.96, 0.57, -0.96)	(1.62, 97.05, 303.99)	(0.99, -0.03, -0.12)	(0.46, 0.86, -2.34)	1.502634	172.809	138.9183	102.7846	0	30.99586	-6.745583	30.25294	0	0	0	0
zylia	60	null	0	11	11	ISI	1166	38.82354	TRUE	null	(0.46, 0.86, -2.34)	(0.96, 0.57, -0.96)	(1.61, 97.05, 304.01)	(0.99, -0.03, -0.12)	(0.46, 0.86, -2.34)	1.502602	172.8095	138.9159	102.7887	0	30.99483	-6.741976	30.25269	0	0	0	0
zylia	60	null	0	11	11	ITI	1167	38.85753	TRUE	null	(0.46, 0.86, -2.34)	(0.96, 0.57, -0.96)	(1.61, 97.05, 303.97)	(0.99, -0.03, -0.12)	(0.46, 0.86, -2.34)	1.502619	172.8063	138.9135	102.7865	0	30.99527	-6.74346	30.25281	0	0	0	0
zylia	60	null	0	12	12	ITI	1168	38.89025	TRUE	null	(0.46, 0.86, -2.34)	(0.96, 0.57, -0.96)	(1.61, 97.05, 303.99)	(0.99, -0.03, -0.12)	(-0.64, 0.80, -2.04)	1.946973	221.2966	172.3204	138.8447	0	40.33739	-11.68156	38.60889	0	0	0	0
zylia	60	null	0	12	12	StimOn	1169	38.92458	TRUE	null	(0.46, 0.86, -2.34)	(0.96, 0.57, -0.96)	(1.61, 97.05, 304.00)	(0.99, -0.03, -0.12)	(-0.64, 0.80, -2.04)	1.946992	221.2964	172.3239	138.8402	0	40.33693	-11.68264	38.60808	0	0	0	0
zylia	60	null	0	12	12	StimOn	1170	38.95767	TRUE	null	(-0.64, 0.80, -2.04)	(0.96, 0.57, -0.96)	(1.59, 97.08, 303.97)	(0.99, -0.03, -0.12)	(-0.64, 0.80, -2.04)	1.946976	221.2487	172.2942	138.801	0	40.33282	-11.68218	38.60392	0	0	0	0
zylia	60	null	0	12	12	StimOn	1171	38.99049	TRUE	null	(-0.64, 0.80, -2.04)	(0.96, 0.57, -0.96)	(1.61, 97.05, 303.98)	(0.99, -0.03, -0.12)	(-0.64, 0.80, -2.04)	1.946974	221.2894	172.3164	138.8382	0	40.33608	-11.68096	38.6077	0	0	0	0
zylia	60	null	0	12	12	StimOn	1172	39.02402	TRUE	null	(-0.64, 0.80, -2.04)	(0.96, 0.57, -0.96)	(1.62, 97.05, 304.00)	(0.99, -0.03, -0.12)	(-0.64, 0.80, -2.04)	1.946991	221.2979	172.3248	138.8413	0	40.33684	-11.68238	38.60806	0	0	0	0
zylia	60	null	0	12	12	StimOn	1173	39.05712	TRUE	null	(-0.64, 0.80, -2.04)	(0.96, 0.57, -0.96)	(1.61, 97.05, 303.98)	(0.99, -0.03, -0.12)	(-0.64, 0.80, -2.04)	1.946978	221.2888	172.3154	138.8384	0	40.33654	-11.68164	38.60798	0	0	0	0
zylia	60	null	0	12	12	StimOn	1174	39.09092	TRUE	null	(-0.64, 0.80, -2.04)	(0.96, 0.57, -0.96)	(1.61, 97.05, 304.00)	(0.99, -0.03, -0.12)	(-0.64, 0.80, -2.04)	1.946982	221.2899	172.3157	138.8399	0	40.33696	-11.68128	38.60852	0	0	0	0
zylia	60	null	0	12	12	StimOn	1175	39.12376	TRUE	null	(-0.64, 0.80, -2.04)	(0.96, 0.57, -0.96)	(1.61, 97.06, 304.00)	(0.99, -0.03, -0.12)	(-0.64, 0.80, -2.04)	1.946981	221.2859	172.3145	138.8351	0	40.33691	-11.68191	38.60828	0	0	0	0
zylia	60	null	0	12	12	StimOn	1176	39.15678	TRUE	null	(-0.64, 0.80, -2.04)	(0.96, 0.57, -0.96)	(1.60, 97.07, 303.99)	(0.99, -0.03, -0.12)	(-0.64, 0.80, -2.04)	1.946979	221.2664	172.3027	138.8185	0	40.33358	-11.68132	38.60498	0	0	0	0
zylia	60	null	0	12	12	StimOn	1177	39.19079	TRUE	null	(-0.64, 0.80, -2.04)	(0.96, 0.57, -0.96)	(1.61, 97.05, 304.00)	(0.99, -0.03, -0.12)	(-0.64, 0.80, -2.04)	1.946974	221.292	172.3158	138.8432	0	40.33696	-11.68134	38.60851	0	0	0	0
zylia	60	null	0	12	12	StimOn	1178	39.22388	TRUE	null	(-0.64, 0.80, -2.04)	(0.96, 0.57, -0.96)	(1.60, 97.07, 303.98)	(0.99, -0.03, -0.12)	(-0.64, 0.80, -2.04)	1.946974	221.2663	172.3028	138.8183	0	40.33509	-11.68113	38.60662	0	0	0	0
zylia	60	null	0	12	12	StimOn	1179	39.25721	TRUE	null	(-0.64, 0.80, -2.04)	(0.96, 0.57, -0.96)	(1.62, 97.05, 303.99)	(0.99, -0.03, -0.12)	(-0.64, 0.80, -2.04)	1.94699	221.297	172.3252	138.8394	0	40.33693	-11.68294	38.60799	0	0	0	0
zylia	60	null	0	12	12	StimOn	1180	39.29045	TRUE	null	(-0.64, 0.80, -2.04)	(0.96, 0.57, -0.96)	(1.61, 97.06, 303.98)	(0.99, -0.03, -0.12)	(-0.64, 0.80, -2.04)	1.946983	221.2851	172.3169	138.8307	0	40.336	-11.68201	38.6073	0	0	0	0
zylia	60	null	0	12	12	StimOn	1181	39.32404	TRUE	null	(-0.64, 0.80, -2.04)	(0.96, 0.57, -0.96)	(1.61, 97.05, 303.99)	(0.99, -0.03, -0.12)	(-0.64, 0.80, -2.04)	1.94699	221.2941	172.3225	138.8382	0	40.33693	-11.68231	38.60818	0	0	0	0
zylia	60	null	0	12	12	StimOn	1182	39.35703	TRUE	null	(-0.64, 0.80, -2.04)	(0.96, 0.57, -0.96)	(1.62, 97.06, 304.00)	(0.99, -0.03, -0.12)	(-0.64, 0.80, -2.04)	1.947014	221.2943	172.3253	138.835	0	40.33668	-11.6837	38.6075	0	0	0	0
zylia	60	null	0	12	12	StimOn	1183	39.39006	TRUE	null	(-0.64, 0.80, -2.04)	(0.96, 0.57, -0.96)	(1.61, 97.06, 303.98)	(0.99, -0.03, -0.12)	(-0.64, 0.80, -2.04)	1.946987	221.2788	172.314	138.8243	0	40.33599	-11.68309	38.60696	0	0	0	0
zylia	60	null	0	12	12	StimOn	1184	39.42375	TRUE	null	(-0.64, 0.80, -2.04)	(0.96, 0.57, -0.96)	(1.60, 97.08, 303.97)	(0.99, -0.03, -0.12)	(-0.64, 0.80, -2.04)	1.946989	221.2637	172.3055	138.8109	0	40.33466	-11.68247	38.60576	0	0	0	0
zylia	60	null	0	12	12	ISI	1185	39.45746	TRUE	null	(-0.64, 0.80, -2.04)	(0.96, 0.57, -0.96)	(1.61, 97.05, 303.99)	(0.99, -0.03, -0.12)	(-0.64, 0.80, -2.04)	1.94699	221.294	172.3212	138.8396	0	40.33651	-11.68159	38.60796	0	0	0	0
zylia	60	null	0	12	12	ISI	1186	39.49022	TRUE	null	(-0.64, 0.80, -2.04)	(0.96, 0.57, -0.96)	(1.61, 97.06, 303.99)	(0.99, -0.03, -0.12)	(-0.64, 0.80, -2.04)	1.946996	221.2872	172.3179	138.8329	0	40.33668	-11.68285	38.60775	0	0	0	0
zylia	60	null	0	12	12	ISI	1187	39.52433	TRUE	null	(-0.64, 0.80, -2.04)	(0.96, 0.57, -0.96)	(1.61, 97.05, 304.00)	(0.99, -0.03, -0.12)	(-0.64, 0.80, -2.04)	1.946989	221.2912	172.3202	138.8364	0	40.33664	-11.68169	38.60807	0	0	0	0
zylia	60	null	0	12	12	ISI	1188	39.55677	TRUE	null	(-0.64, 0.80, -2.04)	(0.96, 0.57, -0.96)	(1.61, 97.06, 303.97)	(0.99, -0.03, -0.12)	(-0.64, 0.80, -2.04)	1.946987	221.2849	172.3148	138.8329	0	40.33688	-11.6824	38.6081	0	0	0	0
zylia	60	null	0	12	12	ISI	1189	39.59015	TRUE	null	(-0.64, 0.80, -2.04)	(0.96, 0.57, -0.96)	(1.60, 97.06, 303.99)	(0.99, -0.03, -0.12)	(-0.64, 0.80, -2.04)	1.946987	221.282	172.3112	138.8328	0	40.33641	-11.68122	38.60797	0	0	0	0
zylia	60	null	0	12	12	ISI	1190	39.62374	TRUE	null	(-0.64, 0.80, -2.04)	(0.96, 0.57, -0.96)	(1.60, 97.07, 303.98)	(0.99, -0.03, -0.12)	(-0.64, 0.80, -2.04)	1.946979	221.2631	172.3023	138.8139	0	40.335	-11.68235	38.60615	0	0	0	0
zylia	60	null	0	12	12	ISI	1191	39.65723	TRUE	null	(-0.64, 0.80, -2.04)	(0.96, 0.57, -0.96)	(1.61, 97.06, 303.96)	(0.99, -0.03, -0.12)	(-0.64, 0.80, -2.04)	1.947007	221.2901	172.3208	138.8338	0	40.33619	-11.68235	38.6074	0	0	0	0
zylia	60	null	0	12	12	ISI	1192	39.69065	TRUE	null	(-0.64, 0.80, -2.04)	(0.96, 0.57, -0.96)	(1.59, 97.07, 304.00)	(0.99, -0.03, -0.12)	(-0.64, 0.80, -2.04)	1.946945	221.2565	172.2909	138.8174	0	40.33311	-11.67857	38.60533	0	0	0	0
zylia	60	null	0	12	12	ISI	1193	39.72368	TRUE	null	(-0.64, 0.80, -2.04)	(0.96, 0.57, -0.96)	(1.59, 97.08, 303.98)	(0.99, -0.03, -0.12)	(-0.64, 0.80, -2.04)	1.946975	221.258	172.2975	138.8117	0	40.3345	-11.68137	38.60593	0	0	0	0
zylia	60	null	0	12	12	ITI	1194	39.75747	TRUE	null	(-0.64, 0.80, -2.04)	(0.96, 0.57, -0.96)	(1.61, 97.05, 303.98)	(0.99, -0.03, -0.12)	(-0.64, 0.80, -2.04)	1.946994	221.2957	172.3239	138.8389	0	40.33716	-11.68348	38.60807	0	0	0	0
zylia	60	null	0	13	13	ITI	1195	39.79032	TRUE	null	(-0.64, 0.80, -2.04)	(0.96, 0.57, -0.96)	(1.61, 97.05, 303.99)	(0.99, -0.03, -0.12)	(-1.00, 1.18, -1.93)	2.274237	219.2662	162.9718	146.6897	0	36.13149	-9.323249	34.9079	0	0	0	0
zylia	60	null	0	13	13	StimOn	1196	39.82412	TRUE	null	(-0.64, 0.80, -2.04)	(0.96, 0.57, -0.96)	(1.61, 97.06, 303.99)	(0.99, -0.03, -0.12)	(-1.00, 1.18, -1.93)	2.274236	219.2591	162.9691	146.682	0	36.13052	-9.323586	34.90681	0	0	0	0
zylia	60	null	0	13	13	StimOn	1197	39.85698	TRUE	null	(-1.00, 1.18, -1.93)	(0.96, 0.57, -0.96)	(1.60, 97.07, 303.97)	(0.99, -0.03, -0.12)	(-1.00, 1.18, -1.93)	2.274212	219.2402	162.9543	146.6702	0	36.12861	-9.321647	34.90535	0	0	0	0
zylia	60	null	0	13	13	StimOn	1198	39.89068	TRUE	null	(-1.00, 1.18, -1.93)	(0.96, 0.57, -0.96)	(1.61, 97.05, 303.99)	(0.99, -0.03, -0.12)	(-1.00, 1.18, -1.93)	2.274237	219.2714	162.9766	146.692	0	36.13155	-9.323038	34.90802	0	0	0	0
zylia	60	null	0	13	13	StimOn	1199	39.92368	TRUE	null	(-1.00, 1.18, -1.93)	(0.96, 0.57, -0.96)	(1.61, 97.05, 304.00)	(0.99, -0.03, -0.12)	(-1.00, 1.18, -1.93)	2.274224	219.2675	162.9707	146.6928	0	36.13134	-9.322132	34.90804	0	0	0	0
zylia	60	null	0	13	13	StimOn	1200	39.95737	TRUE	null	(-1.00, 1.18, -1.93)	(0.96, 0.57, -0.96)	(1.61, 97.04, 304.01)	(0.99, -0.03, -0.12)	(-1.00, 1.18, -1.93)	2.274231	219.273	162.9735	146.6979	0	36.13179	-9.322364	34.90844	0	0	0	0
zylia	60	null	0	13	13	StimOn	1201	39.9908	TRUE	null	(-1.00, 1.18, -1.93)	(0.96, 0.57, -0.96)	(1.60, 97.08, 303.97)	(0.99, -0.03, -0.12)	(-1.00, 1.18, -1.93)	2.274227	219.2308	162.9523	146.6584	0	36.12935	-9.323524	34.90562	0	0	0	0
zylia	60	null	0	13	13	StimOn	1202	40.02404	TRUE	null	(-1.00, 1.18, -1.93)	(0.96, 0.57, -0.96)	(1.61, 97.06, 303.97)	(0.99, -0.03, -0.12)	(-1.00, 1.18, -1.93)	2.274241	219.2632	162.9721	146.6849	0	36.13096	-9.323502	34.90728	0	0	0	0
zylia	60	null	0	13	13	StimOn	1203	40.05717	TRUE	null	(-1.00, 1.18, -1.93)	(0.96, 0.57, -0.96)	(1.61, 97.05, 303.99)	(0.99, -0.03, -0.12)	(-1.00, 1.18, -1.93)	2.274244	219.2727	162.9764	146.6942	0	36.13103	-9.323207	34.90744	0	0	0	0
zylia	60	null	0	13	13	StimOn	1204	40.0904	TRUE	null	(-1.00, 1.18, -1.93)	(0.96, 0.57, -0.96)	(1.60, 97.05, 303.99)	(0.99, -0.03, -0.12)	(-1.00, 1.18, -1.93)	2.274233	219.2635	162.9672	146.6908	0	36.13146	-9.322448	34.90808	0	0	0	0
zylia	60	null	0	13	13	StimOn	1205	40.12357	TRUE	null	(-1.00, 1.18, -1.93)	(0.96, 0.57, -0.96)	(1.59, 97.07, 303.99)	(0.99, -0.03, -0.12)	(-1.00, 1.18, -1.93)	2.27423	219.2381	162.9513	146.6704	0	36.12893	-9.321774	34.90564	0	0	0	0
zylia	60	null	0	13	13	StimOn	1206	40.1579	TRUE	null	(-1.00, 1.18, -1.93)	(0.96, 0.57, -0.96)	(1.61, 97.05, 304.00)	(0.99, -0.03, -0.12)	(-1.00, 1.18, -1.93)	2.274227	219.2678	162.9724	146.6915	0	36.13161	-9.32308	34.90807	0	0	0	0
zylia	60	null	0	13	13	StimOn	1207	40.191	TRUE	null	(-1.00, 1.18, -1.93)	(0.96, 0.57, -0.96)	(1.60, 97.06, 304.00)	(0.99, -0.03, -0.12)	(-1.00, 1.18, -1.93)	2.274228	219.2482	162.9586	146.6774	0	36.13066	-9.322301	34.9073	0	0	0	0
zylia	60	null	0	13	13	StimOn	1208	40.22478	TRUE	null	(-1.00, 1.18, -1.93)	(0.96, 0.57, -0.96)	(1.60, 97.07, 304.01)	(0.99, -0.03, -0.12)	(-1.00, 1.18, -1.93)	2.27422	219.2493	162.9639	146.6732	0	36.13	-9.323502	34.90629	0	0	0	0
zylia	60	null	0	13	13	StimOn	1209	40.25721	TRUE	null	(-1.00, 1.18, -1.93)	(0.96, 0.57, -0.96)	(1.60, 97.06, 303.94)	(0.99, -0.03, -0.12)	(-1.00, 1.18, -1.93)	2.274238	219.2479	162.9606	146.6747	0	36.13015	-9.322596	34.90668	0	0	0	0
zylia	60	null	0	13	13	StimOn	1210	40.29054	TRUE	null	(-1.00, 1.18, -1.93)	(0.96, 0.57, -0.96)	(1.61, 97.05, 303.99)	(0.99, -0.03, -0.12)	(-1.00, 1.18, -1.93)	2.27424	219.2669	162.9746	146.6877	0	36.13098	-9.323439	34.90733	0	0	0	0
zylia	60	null	0	13	13	StimOn	1211	40.32406	TRUE	null	(-1.00, 1.18, -1.93)	(0.96, 0.57, -0.96)	(1.61, 97.05, 303.98)	(0.99, -0.03, -0.12)	(-1.00, 1.18, -1.93)	2.274229	219.2649	162.9726	146.6869	0	36.13083	-9.323165	34.90723	0	0	0	0
zylia	60	null	0	13	13	ISI	1212	40.35709	TRUE	null	(-1.00, 1.18, -1.93)	(0.96, 0.57, -0.96)	(1.61, 97.05, 303.99)	(0.99, -0.03, -0.12)	(-1.00, 1.18, -1.93)	2.274238	219.269	162.9757	146.6895	0	36.13135	-9.323628	34.90766	0	0	0	0
zylia	60	null	0	13	13	ISI	1213	40.39091	TRUE	null	(-1.00, 1.18, -1.93)	(0.96, 0.57, -0.96)	(1.61, 97.05, 303.97)	(0.99, -0.03, -0.12)	(-1.00, 1.18, -1.93)	2.274225	219.2741	162.9784	146.6942	0	36.13191	-9.323776	34.9082	0	0	0	0
zylia	60	null	0	13	13	ISI	1214	40.4238	TRUE	null	(-1.00, 1.18, -1.93)	(0.96, 0.57, -0.96)	(1.61, 97.05, 303.99)	(0.99, -0.03, -0.12)	(-1.00, 1.18, -1.93)	2.274226	219.2644	162.9708	146.688	0	36.13123	-9.322617	34.9078	0	0	0	0
zylia	60	null	0	13	13	ISI	1215	40.45705	TRUE	null	(-1.00, 1.18, -1.93)	(0.96, 0.57, -0.96)	(1.60, 97.07, 303.97)	(0.99, -0.03, -0.12)	(-1.00, 1.18, -1.93)	2.274224	219.2462	162.9616	146.6711	0	36.13002	-9.322638	34.90654	0	0	0	0
zylia	60	null	0	13	13	ISI	1216	40.49054	TRUE	null	(-1.00, 1.18, -1.93)	(0.96, 0.57, -0.96)	(1.61, 97.06, 303.98)	(0.99, -0.03, -0.12)	(-1.00, 1.18, -1.93)	2.274232	219.2599	162.9692	146.683	0	36.13053	-9.322512	34.90711	0	0	0	0
zylia	60	null	0	13	13	ISI	1217	40.52411	TRUE	null	(-1.00, 1.18, -1.93)	(0.96, 0.57, -0.96)	(1.62, 97.05, 303.98)	(0.99, -0.03, -0.12)	(-1.00, 1.18, -1.93)	2.274227	219.2754	162.9815	146.6927	0	36.1315	-9.324008	34.90771	0	0	0	0
zylia	60	null	0	13	13	ISI	1218	40.55727	TRUE	null	(-1.00, 1.18, -1.93)	(0.96, 0.57, -0.96)	(1.62, 97.05, 304.02)	(0.99, -0.03, -0.12)	(-1.00, 1.18, -1.93)	2.274247	219.2741	162.9844	146.6875	0	36.13073	-9.324724	34.90672	0	0	0	0
zylia	60	null	0	13	13	ISI	1219	40.59016	TRUE	null	(-1.00, 1.18, -1.93)	(0.96, 0.57, -0.96)	(1.62, 97.05, 304.00)	(0.99, -0.03, -0.12)	(-1.00, 1.18, -1.93)	2.27423	219.2747	162.9794	146.6939	0	36.13149	-9.323502	34.90784	0	0	0	0
zylia	60	null	0	13	13	ISI	1220	40.62344	TRUE	null	(-1.00, 1.18, -1.93)	(0.96, 0.57, -0.96)	(1.61, 97.05, 303.99)	(0.99, -0.03, -0.12)	(-1.00, 1.18, -1.93)	2.274233	219.2704	162.9772	146.6899	0	36.13171	-9.323439	34.90808	0	0	0	0
zylia	60	null	0	13	13	ISI	1221	40.65682	TRUE	null	(-1.00, 1.18, -1.93)	(0.96, 0.57, -0.96)	(1.62, 97.05, 303.99)	(0.99, -0.03, -0.12)	(-1.00, 1.18, -1.93)	2.274243	219.2706	162.9801	146.6871	0	36.13113	-9.324155	34.90729	0	0	0	0
zylia	60	null	0	13	13	ISI	1222	40.69021	TRUE	null	(-1.00, 1.18, -1.93)	(0.96, 0.57, -0.96)	(1.61, 97.06, 303.96)	(0.99, -0.03, -0.12)	(-1.00, 1.18, -1.93)	2.274224	219.2556	162.9707	146.6751	0	36.13076	-9.324346	34.90685	0	0	0	0
zylia	60	null	0	13	13	ISI	1223	40.72351	TRUE	null	(-1.00, 1.18, -1.93)	(0.96, 0.57, -0.96)	(1.62, 97.05, 304.00)	(0.99, -0.03, -0.12)	(-1.00, 1.18, -1.93)	2.274245	219.2709	162.9786	146.6892	0	36.13078	-9.322996	34.90724	0	0	0	0
zylia	60	null	0	13	13	ISI	1224	40.75719	TRUE	null	(-1.00, 1.18, -1.93)	(0.96, 0.57, -0.96)	(1.62, 97.05, 303.99)	(0.99, -0.03, -0.12)	(-1.00, 1.18, -1.93)	2.274243	219.2711	162.9792	146.6888	0	36.13131	-9.32424	34.90745	0	0	0	0
zylia	60	null	0	13	13	ISI	1225	40.79083	TRUE	null	(-1.00, 1.18, -1.93)	(0.96, 0.57, -0.96)	(1.60, 97.06, 303.96)	(0.99, -0.03, -0.12)	(-1.00, 1.18, -1.93)	2.274232	219.2531	162.964	146.6786	0	36.13095	-9.32327	34.90733	0	0	0	0
zylia	60	null	0	13	13	ISI	1226	40.82395	TRUE	null	(-1.00, 1.18, -1.93)	(0.96, 0.57, -0.96)	(1.61, 97.05, 303.99)	(0.99, -0.03, -0.12)	(-1.00, 1.18, -1.93)	2.274232	219.2648	162.9726	146.6867	0	36.13086	-9.323439	34.9072	0	0	0	0
zylia	60	null	0	13	13	ISI	1227	40.85708	TRUE	null	(-1.00, 1.18, -1.93)	(0.96, 0.57, -0.96)	(1.61, 97.06, 303.98)	(0.99, -0.03, -0.12)	(-1.00, 1.18, -1.93)	2.274234	219.2583	162.9675	146.6826	0	36.1315	-9.323165	34.90793	0	0	0	0
zylia	60	null	0	13	13	ISI	1228	40.89063	TRUE	null	(-1.00, 1.18, -1.93)	(0.96, 0.57, -0.96)	(1.60, 97.08, 303.98)	(0.99, -0.03, -0.12)	(-1.00, 1.18, -1.93)	2.274237	219.2316	162.9525	146.6595	0	36.12947	-9.323291	34.9058	0	0	0	0
zylia	60	null	0	13	13	ISI	1229	40.92379	TRUE	null	(-1.00, 1.18, -1.93)	(0.96, 0.57, -0.96)	(1.60, 97.07, 303.97)	(0.99, -0.03, -0.12)	(-1.00, 1.18, -1.93)	2.274222	219.2373	162.9559	146.6642	0	36.12936	-9.322743	34.90583	0	0	0	0
zylia	60	null	0	13	13	ISI	1230	40.95741	TRUE	null	(-1.00, 1.18, -1.93)	(0.96, 0.57, -0.96)	(1.61, 97.05, 303.97)	(0.99, -0.03, -0.12)	(-1.00, 1.18, -1.93)	2.274223	219.2684	162.9737	146.6909	0	36.13134	-9.32306	34.90779	0	0	0	0
zylia	60	null	0	13	13	ISI	1231	40.99087	TRUE	null	(-1.00, 1.18, -1.93)	(0.96, 0.57, -0.96)	(1.62, 97.05, 304.02)	(0.99, -0.03, -0.12)	(-1.00, 1.18, -1.93)	2.274237	219.2724	162.9793	146.6906	0	36.13119	-9.323481	34.90753	0	0	0	0
zylia	60	null	0	13	13	ISI	1232	41.02422	TRUE	null	(-1.00, 1.18, -1.93)	(0.96, 0.57, -0.96)	(1.60, 97.06, 303.98)	(0.99, -0.03, -0.12)	(-1.00, 1.18, -1.93)	2.274228	219.2531	162.9607	146.6823	0	36.13118	-9.32171	34.90799	0	0	0	0
zylia	60	null	0	13	13	ISI	1233	41.05707	TRUE	null	(-1.00, 1.18, -1.93)	(0.96, 0.57, -0.96)	(1.60, 97.07, 303.98)	(0.99, -0.03, -0.12)	(-1.00, 1.18, -1.93)	2.274233	219.2396	162.9602	146.6628	0	36.12927	-9.324366	34.90531	0	0	0	0
zylia	60	null	0	13	13	ISI	1234	41.09061	TRUE	null	(-1.00, 1.18, -1.93)	(0.96, 0.57, -0.96)	(1.62, 97.05, 303.98)	(0.99, -0.03, -0.12)	(-1.00, 1.18, -1.93)	2.274236	219.2708	162.9786	146.6889	0	36.13136	-9.324346	34.90747	0	0	0	0
zylia	60	null	0	13	13	ISI	1235	41.1237	TRUE	null	(-1.00, 1.18, -1.93)	(0.96, 0.57, -0.96)	(1.61, 97.05, 303.99)	(0.99, -0.03, -0.12)	(-1.00, 1.18, -1.93)	2.274243	219.2676	162.9763	146.6868	0	36.13112	-9.323691	34.9074	0	0	0	0
zylia	60	null	0	13	13	ISI	1236	41.15607	TRUE	null	(-1.00, 1.18, -1.93)	(0.96, 0.57, -0.96)	(1.60, 97.06, 303.98)	(0.99, -0.03, -0.12)	(-1.00, 1.18, -1.93)	2.274232	219.248	162.9582	146.6776	0	36.13059	-9.322954	34.90705	0	0	0	0
zylia	60	null	0	13	13	ISI	1237	41.19034	TRUE	null	(-1.00, 1.18, -1.93)	(0.96, 0.57, -0.96)	(1.61, 97.05, 303.96)	(0.99, -0.03, -0.12)	(-1.00, 1.18, -1.93)	2.274244	219.2666	162.9718	146.6902	0	36.13126	-9.32327	34.90765	0	0	0	0
zylia	60	null	0	13	13	ISI	1238	41.22427	TRUE	null	(-1.00, 1.18, -1.93)	(0.96, 0.57, -0.96)	(1.61, 97.05, 303.98)	(0.99, -0.03, -0.12)	(-1.00, 1.18, -1.93)	2.27422	219.2704	162.9756	146.6916	0	36.13203	-9.322617	34.90863	0	0	0	0
zylia	60	null	0	13	13	ISI	1239	41.25737	TRUE	null	(-1.00, 1.18, -1.93)	(0.96, 0.57, -0.96)	(1.61, 97.05, 303.98)	(0.99, -0.03, -0.12)	(-1.00, 1.18, -1.93)	2.274238	219.2702	162.9758	146.6913	0	36.13172	-9.323461	34.90808	0	0	0	0
zylia	60	null	0	13	13	ISI	1240	41.29081	TRUE	null	(-1.00, 1.18, -1.93)	(0.96, 0.57, -0.96)	(1.62, 97.05, 303.99)	(0.99, -0.03, -0.12)	(-1.00, 1.18, -1.93)	2.274237	219.2755	162.9827	146.6915	0	36.13139	-9.324513	34.90746	0	0	0	0
zylia	60	null	0	13	13	ISI	1241	41.32413	TRUE	null	(-1.00, 1.18, -1.93)	(0.96, 0.57, -0.96)	(1.60, 97.06, 303.97)	(0.99, -0.03, -0.12)	(-1.00, 1.18, -1.93)	2.274226	219.2531	162.9641	146.6787	0	36.13093	-9.323313	34.90731	0	0	0	0
zylia	60	null	0	13	13	ITI	1242	41.35765	TRUE	null	(-1.00, 1.18, -1.93)	(0.96, 0.57, -0.96)	(1.60, 97.05, 304.00)	(0.99, -0.03, -0.12)	(-1.00, 1.18, -1.93)	2.27424	219.2587	162.9631	146.6882	0	36.131	-9.321436	34.90788	0	0	0	0
zylia	60	null	0	14	14	ITI	1243	41.39054	TRUE	null	(-1.00, 1.18, -1.93)	(0.96, 0.57, -0.96)	(1.61, 97.05, 303.99)	(0.99, -0.03, -0.12)	(-2.32, 0.84, 1.52)	4.118173	232.2149	177.1905	-150.091	0	13.62845	-13.03843	3.966597	0	0	0	0
zylia	60	null	0	14	14	StimOn	1244	41.424	TRUE	null	(-1.00, 1.18, -1.93)	(0.96, 0.57, -0.96)	(1.59, 97.07, 303.97)	(0.99, -0.03, -0.12)	(-2.32, 0.84, 1.52)	4.118112	232.216	177.1721	-150.1144	0	13.62774	-13.03778	3.9663	0	0	0	0
zylia	60	null	0	14	14	StimOn	1245	41.45678	TRUE	null	(-2.32, 0.84, 1.52)	(0.96, 0.57, -0.96)	(1.61, 97.05, 304.01)	(0.99, -0.03, -0.12)	(-2.32, 0.84, 1.52)	4.118166	232.22	177.1936	-150.0952	0	13.62851	-13.03864	3.966103	0	0	0	0
zylia	60	null	0	14	14	StimOn	1246	41.49052	TRUE	null	(-2.32, 0.84, 1.52)	(0.96, 0.57, -0.96)	(1.62, 97.05, 303.98)	(0.99, -0.03, -0.12)	(-2.32, 0.84, 1.52)	4.118164	232.2226	177.1962	-150.0962	0	13.629	-13.03908	3.96635	0	0	0	0
zylia	60	null	0	14	14	StimOn	1247	41.52352	TRUE	null	(-2.32, 0.84, 1.52)	(0.96, 0.57, -0.96)	(1.62, 97.05, 303.98)	(0.99, -0.03, -0.12)	(-2.32, 0.84, 1.52)	4.11816	232.22	177.1943	-150.0943	0	13.62853	-13.0386	3.96635	0	0	0	0
zylia	60	null	0	14	14	StimOn	1248	41.55746	TRUE	null	(-2.32, 0.84, 1.52)	(0.96, 0.57, -0.96)	(1.61, 97.05, 303.99)	(0.99, -0.03, -0.12)	(-2.32, 0.84, 1.52)	4.118166	232.2184	177.1915	-150.0952	0	13.62835	-13.03843	3.966251	0	0	0	0
zylia	60	null	0	14	14	StimOn	1249	41.59016	TRUE	null	(-2.32, 0.84, 1.52)	(0.96, 0.57, -0.96)	(1.61, 97.05, 304.00)	(0.99, -0.03, -0.12)	(-2.32, 0.84, 1.52)	4.118173	232.2143	177.1889	-150.0919	0	13.62827	-13.03829	3.966448	0	0	0	0
zylia	60	null	0	14	14	StimOn	1250	41.62428	TRUE	null	(-2.32, 0.84, 1.52)	(0.96, 0.57, -0.96)	(1.60, 97.07, 303.98)	(0.99, -0.03, -0.12)	(-2.32, 0.84, 1.52)	4.118119	232.2173	177.176	-150.1117	0	13.62807	-13.03814	3.966251	0	0	0	0
zylia	60	null	0	14	14	StimOn	1251	41.65687	TRUE	null	(-2.32, 0.84, 1.52)	(0.96, 0.57, -0.96)	(1.61, 97.05, 303.98)	(0.99, -0.03, -0.12)	(-2.32, 0.84, 1.52)	4.118163	232.2173	177.1916	-150.0933	0	13.62826	-13.03834	3.966251	0	0	0	0
zylia	60	null	0	14	14	StimOn	1252	41.69088	TRUE	null	(-2.32, 0.84, 1.52)	(0.96, 0.57, -0.96)	(1.61, 97.05, 303.99)	(0.99, -0.03, -0.12)	(-2.32, 0.84, 1.52)	4.118173	232.2166	177.1913	-150.0926	0	13.62837	-13.03838	3.966497	0	0	0	0
zylia	60	null	0	14	14	StimOn	1253	41.7239	TRUE	null	(-2.32, 0.84, 1.52)	(0.96, 0.57, -0.96)	(1.62, 97.05, 303.97)	(0.99, -0.03, -0.12)	(-2.32, 0.84, 1.52)	4.118144	232.2235	177.1959	-150.0979	0	13.62869	-13.03882	3.966152	0	0	0	0
zylia	60	null	0	14	14	StimOn	1254	41.75759	TRUE	null	(-2.32, 0.84, 1.52)	(0.96, 0.57, -0.96)	(1.62, 97.05, 304.00)	(0.99, -0.03, -0.12)	(-2.32, 0.84, 1.52)	4.118161	232.2233	177.1973	-150.096	0	13.62874	-13.03885	3.966202	0	0	0	0
zylia	60	null	0	14	14	StimOn	1255	41.79074	TRUE	null	(-2.32, 0.84, 1.52)	(0.96, 0.57, -0.96)	(1.61, 97.05, 303.96)	(0.99, -0.03, -0.12)	(-2.32, 0.84, 1.52)	4.118175	232.2153	177.1884	-150.094	0	13.62846	-13.03843	3.966646	0	0	0	0
zylia	60	null	0	14	14	StimOn	1256	41.82425	TRUE	null	(-2.32, 0.84, 1.52)	(0.96, 0.57, -0.96)	(1.61, 97.05, 303.99)	(0.99, -0.03, -0.12)	(-2.32, 0.84, 1.52)	4.118202	232.2127	177.1877	-150.0909	0	13.6281	-13.03798	3.966893	0	0	0	0
zylia	60	null	0	14	14	StimOn	1257	41.85771	TRUE	null	(-2.32, 0.84, 1.52)	(0.96, 0.57, -0.96)	(1.61, 97.05, 303.97)	(0.99, -0.03, -0.12)	(-2.32, 0.84, 1.52)	4.118178	232.2145	177.1876	-150.0938	0	13.6284	-13.0384	3.966547	0	0	0	0
zylia	60	null	0	14	14	StimOn	1258	41.89084	TRUE	null	(-2.32, 0.84, 1.52)	(0.96, 0.57, -0.96)	(1.59, 97.08, 303.97)	(0.99, -0.03, -0.12)	(-2.32, 0.84, 1.52)	4.118083	232.2184	177.169	-150.1218	0	13.62735	-13.03737	3.9663	0	0	0	0
zylia	60	null	0	14	14	ISI	1259	41.92417	TRUE	null	(-2.32, 0.84, 1.52)	(0.96, 0.57, -0.96)	(1.61, 97.05, 303.99)	(0.99, -0.03, -0.12)	(-2.32, 0.84, 1.52)	4.118187	232.2138	177.1871	-150.0932	0	13.62846	-13.03851	3.966399	0	0	0	0
zylia	60	null	0	14	14	ISI	1260	41.95724	TRUE	null	(-2.32, 0.84, 1.52)	(0.96, 0.57, -0.96)	(1.60, 97.06, 303.98)	(0.99, -0.03, -0.12)	(-2.32, 0.84, 1.52)	4.118146	232.2132	177.1769	-150.1044	0	13.62776	-13.03763	3.966893	0	0	0	0
zylia	60	null	0	14	14	ISI	1261	41.99052	TRUE	null	(-2.32, 0.84, 1.52)	(0.96, 0.57, -0.96)	(1.60, 97.06, 303.99)	(0.99, -0.03, -0.12)	(-2.32, 0.84, 1.52)	4.118128	232.2135	177.1767	-150.1051	0	13.62797	-13.03795	3.966547	0	0	0	0
zylia	60	null	0	14	14	ISI	1262	42.02376	TRUE	null	(-2.32, 0.84, 1.52)	(0.96, 0.57, -0.96)	(1.61, 97.04, 304.01)	(0.99, -0.03, -0.12)	(-2.32, 0.84, 1.52)	4.11819	232.2066	177.1843	-150.0854	0	13.62798	-13.03789	3.966794	0	0	0	0
zylia	60	null	0	14	14	ISI	1263	42.05716	TRUE	null	(-2.32, 0.84, 1.52)	(0.96, 0.57, -0.96)	(1.61, 97.05, 303.98)	(0.99, -0.03, -0.12)	(-2.32, 0.84, 1.52)	4.118164	232.2163	177.1859	-150.0985	0	13.62829	-13.03829	3.966497	0	0	0	0
zylia	60	null	0	14	14	ISI	1264	42.09018	TRUE	null	(-2.32, 0.84, 1.52)	(0.96, 0.57, -0.96)	(1.61, 97.05, 303.99)	(0.99, -0.03, -0.12)	(-2.32, 0.84, 1.52)	4.118171	232.2181	177.1904	-150.096	0	13.62853	-13.03857	3.966448	0	0	0	0
zylia	60	null	0	14	14	ISI	1265	42.12381	TRUE	null	(-2.32, 0.84, 1.52)	(0.96, 0.57, -0.96)	(1.61, 97.05, 304.00)	(0.99, -0.03, -0.12)	(-2.32, 0.84, 1.52)	4.118166	232.2188	177.192	-150.0952	0	13.62824	-13.03831	3.9663	0	0	0	0
zylia	60	null	0	14	14	ISI	1266	42.15744	TRUE	null	(-2.32, 0.84, 1.52)	(0.96, 0.57, -0.96)	(1.62, 97.05, 303.96)	(0.99, -0.03, -0.12)	(-2.32, 0.84, 1.52)	4.118149	232.2244	177.1962	-150.0989	0	13.62878	-13.03893	3.966103	0	0	0	0
zylia	60	null	0	14	14	ISI	1267	42.19104	TRUE	null	(-2.32, 0.84, 1.52)	(0.96, 0.57, -0.96)	(1.59, 97.08, 303.97)	(0.99, -0.03, -0.12)	(-2.32, 0.84, 1.52)	4.11808	232.2223	177.1743	-150.1215	0	13.62797	-13.03813	3.965955	0	0	0	0
zylia	60	null	0	14	14	ISI	1268	42.22363	TRUE	null	(-2.32, 0.84, 1.52)	(0.96, 0.57, -0.96)	(1.61, 97.06, 303.99)	(0.99, -0.03, -0.12)	(-2.32, 0.84, 1.52)	4.118121	232.2233	177.1907	-150.1037	0	13.62858	-13.03875	3.966004	0	0	0	0
zylia	60	null	0	14	14	ITI	1269	42.25722	TRUE	null	(-2.32, 0.84, 1.52)	(0.96, 0.57, -0.96)	(1.61, 97.06, 303.98)	(0.99, -0.03, -0.12)	(-2.32, 0.84, 1.52)	4.118142	232.218	177.1865	-150.1005	0	13.62822	-13.03823	3.966448	0	0	0	0
zylia	60	null	0	15	15	ITI	1270	42.29118	TRUE	null	(-2.32, 0.84, 1.52)	(0.96, 0.57, -0.96)	(1.61, 97.05, 304.02)	(0.99, -0.03, -0.12)	(-2.04, 1.33, 1.91)	4.21739	221.4657	168.6973	-143.4861	0	15.02966	-15.01724	0.6110179	0	0	0	0
zylia	60	null	0	15	15	StimOn	1271	42.32384	TRUE	null	(-2.32, 0.84, 1.52)	(0.96, 0.57, -0.96)	(1.60, 97.06, 303.98)	(0.99, -0.03, -0.12)	(-2.04, 1.33, 1.91)	4.217391	221.4685	168.6934	-143.495	0	15.03026	-15.01783	0.6110179	0	0	0	0
zylia	60	null	0	15	15	StimOn	1272	42.36062	TRUE	null	(-2.04, 1.33, 1.91)	(0.96, 0.57, -0.96)	(1.61, 97.05, 303.99)	(0.99, -0.03, -0.12)	(-2.04, 1.33, 1.91)	4.217388	221.4673	168.6989	-143.4867	0	15.02982	-15.01741	0.6106976	0	0	0	0
zylia	60	null	0	15	15	StimOn	1273	42.391	TRUE	null	(-2.04, 1.33, 1.91)	(0.96, 0.57, -0.96)	(1.60, 97.08, 303.98)	(0.99, -0.03, -0.12)	(-2.04, 1.33, 1.91)	4.217275	221.4798	168.6913	-143.515	0	15.03005	-15.01766	0.6100564	0	0	0	0
zylia	60	null	0	15	15	StimOn	1274	42.42449	TRUE	null	(-2.04, 1.33, 1.91)	(0.96, 0.57, -0.96)	(1.61, 97.06, 304.00)	(0.99, -0.03, -0.12)	(-2.04, 1.33, 1.91)	4.217355	221.4772	168.7012	-143.4994	0	15.03027	-15.01786	0.6106976	0	0	0	0
zylia	60	null	0	15	15	StimOn	1275	42.45702	TRUE	null	(-2.04, 1.33, 1.91)	(0.96, 0.57, -0.96)	(1.61, 97.05, 304.00)	(0.99, -0.03, -0.12)	(-2.04, 1.33, 1.91)	4.217377	221.4699	168.6991	-143.4906	0	15.03009	-15.01767	0.6106976	0	0	0	0
zylia	60	null	0	15	15	StimOn	1276	42.49023	TRUE	null	(-2.04, 1.33, 1.91)	(0.96, 0.57, -0.96)	(1.60, 97.07, 304.00)	(0.99, -0.03, -0.12)	(-2.04, 1.33, 1.91)	4.21732	221.4715	168.6876	-143.5065	0	15.02914	-15.01674	0.6103771	0	0	0	0
zylia	60	null	0	15	15	StimOn	1277	42.5237	TRUE	null	(-2.04, 1.33, 1.91)	(0.96, 0.57, -0.96)	(1.61, 97.05, 303.98)	(0.99, -0.03, -0.12)	(-2.04, 1.33, 1.91)	4.217404	221.4655	168.694	-143.4897	0	15.02997	-15.01756	0.6106976	0	0	0	0
zylia	60	null	0	15	15	StimOn	1278	42.55762	TRUE	null	(-2.04, 1.33, 1.91)	(0.96, 0.57, -0.96)	(1.61, 97.05, 303.97)	(0.99, -0.03, -0.12)	(-2.04, 1.33, 1.91)	4.217383	221.4688	168.6954	-143.4931	0	15.03013	-15.01773	0.6103771	0	0	0	0
zylia	60	null	0	15	15	StimOn	1279	42.59019	TRUE	null	(-2.04, 1.33, 1.91)	(0.96, 0.57, -0.96)	(1.60, 97.06, 303.95)	(0.99, -0.03, -0.12)	(-2.04, 1.33, 1.91)	4.217345	221.4721	168.6928	-143.5013	0	15.02985	-15.01744	0.6106976	0	0	0	0
zylia	60	null	0	15	15	StimOn	1280	42.6242	TRUE	null	(-2.04, 1.33, 1.91)	(0.96, 0.57, -0.96)	(1.60, 97.06, 303.98)	(0.99, -0.03, -0.12)	(-2.04, 1.33, 1.91)	4.217368	221.4692	168.6922	-143.4976	0	15.0299	-15.01749	0.6106976	0	0	0	0
zylia	60	null	0	15	15	StimOn	1281	42.65783	TRUE	null	(-2.04, 1.33, 1.91)	(0.96, 0.57, -0.96)	(1.62, 97.05, 303.96)	(0.99, -0.03, -0.12)	(-2.04, 1.33, 1.91)	4.217364	221.4754	168.7035	-143.4939	0	15.03014	-15.01773	0.6106976	0	0	0	0
zylia	60	null	0	15	15	StimOn	1282	42.69053	TRUE	null	(-2.04, 1.33, 1.91)	(0.96, 0.57, -0.96)	(1.61, 97.05, 303.99)	(0.99, -0.03, -0.12)	(-2.04, 1.33, 1.91)	4.217395	221.4694	168.7013	-143.4871	0	15.03018	-15.01777	0.6106976	0	0	0	0
zylia	60	null	0	15	15	StimOn	1283	42.72379	TRUE	null	(-2.04, 1.33, 1.91)	(0.96, 0.57, -0.96)	(1.59, 97.08, 303.99)	(0.99, -0.03, -0.12)	(-2.04, 1.33, 1.91)	4.217291	221.474	168.6808	-143.5183	0	15.02903	-15.01662	0.6106976	0	0	0	0
zylia	60	null	0	15	15	StimOn	1284	42.75766	TRUE	null	(-2.04, 1.33, 1.91)	(0.96, 0.57, -0.96)	(1.61, 97.05, 303.99)	(0.99, -0.03, -0.12)	(-2.04, 1.33, 1.91)	4.217377	221.4699	168.7005	-143.4889	0	15.03027	-15.01786	0.6106976	0	0	0	0
zylia	60	null	0	15	15	StimOn	1285	42.79099	TRUE	null	(-2.04, 1.33, 1.91)	(0.96, 0.57, -0.96)	(1.61, 97.06, 303.99)	(0.99, -0.03, -0.12)	(-2.04, 1.33, 1.91)	4.217362	221.4727	168.6972	-143.4971	0	15.03011	-15.0177	0.6106976	0	0	0	0
zylia	60	null	0	15	15	ISI	1286	42.82386	TRUE	null	(-2.04, 1.33, 1.91)	(0.96, 0.57, -0.96)	(1.62, 97.05, 303.99)	(0.99, -0.03, -0.12)	(-2.04, 1.33, 1.91)	4.217371	221.471	168.7023	-143.4884	0	15.03003	-15.01762	0.6106976	0	0	0	0
zylia	60	null	0	15	15	ISI	1287	42.85672	TRUE	null	(-2.04, 1.33, 1.91)	(0.96, 0.57, -0.96)	(1.61, 97.05, 303.99)	(0.99, -0.03, -0.12)	(-2.04, 1.33, 1.91)	4.217411	221.4644	168.6955	-143.4862	0	15.02978	-15.01736	0.6110179	0	0	0	0
zylia	60	null	0	15	15	ISI	1288	42.8905	TRUE	null	(-2.04, 1.33, 1.91)	(0.96, 0.57, -0.96)	(1.60, 97.06, 303.99)	(0.99, -0.03, -0.12)	(-2.04, 1.33, 1.91)	4.217399	221.4661	168.6911	-143.4941	0	15.02956	-15.01715	0.6106976	0	0	0	0
zylia	60	null	0	15	15	ISI	1289	42.924	TRUE	null	(-2.04, 1.33, 1.91)	(0.96, 0.57, -0.96)	(1.60, 97.07, 303.98)	(0.99, -0.03, -0.12)	(-2.04, 1.33, 1.91)	4.217319	221.4713	168.6868	-143.5071	0	15.02953	-15.01712	0.6106976	0	0	0	0
zylia	60	null	0	15	15	ISI	1290	42.95775	TRUE	null	(-2.04, 1.33, 1.91)	(0.96, 0.57, -0.96)	(1.61, 97.05, 303.98)	(0.99, -0.03, -0.12)	(-2.04, 1.33, 1.91)	4.217396	221.4629	168.694	-143.4857	0	15.02971	-15.01728	0.6110179	0	0	0	0
zylia	60	null	0	15	15	ISI	1291	42.99031	TRUE	null	(-2.04, 1.33, 1.91)	(0.96, 0.57, -0.96)	(1.60, 97.07, 303.96)	(0.99, -0.03, -0.12)	(-2.04, 1.33, 1.91)	4.217317	221.4684	168.6851	-143.5047	0	15.02942	-15.017	0.6106976	0	0	0	0
zylia	60	null	0	15	15	ISI	1292	43.02354	TRUE	null	(-2.04, 1.33, 1.91)	(0.96, 0.57, -0.96)	(1.61, 97.06, 303.97)	(0.99, -0.03, -0.12)	(-2.04, 1.33, 1.91)	4.217402	221.4723	168.6982	-143.4953	0	15.03017	-15.01774	0.6110179	0	0	0	0
zylia	60	null	0	15	15	ISI	1293	43.05754	TRUE	null	(-2.04, 1.33, 1.91)	(0.96, 0.57, -0.96)	(1.60, 97.07, 303.97)	(0.99, -0.03, -0.12)	(-2.04, 1.33, 1.91)	4.217295	221.4706	168.6867	-143.5061	0	15.02894	-15.01653	0.6106976	0	0	0	0
zylia	60	null	0	15	15	ISI	1294	43.09053	TRUE	null	(-2.04, 1.33, 1.91)	(0.96, 0.57, -0.96)	(1.61, 97.05, 303.99)	(0.99, -0.03, -0.12)	(-2.04, 1.33, 1.91)	4.217383	221.4716	168.7013	-143.4906	0	15.03024	-15.01783	0.6106976	0	0	0	0
zylia	60	null	0	15	15	ISI	1295	43.12354	TRUE	null	(-2.04, 1.33, 1.91)	(0.96, 0.57, -0.96)	(1.60, 97.06, 304.00)	(0.99, -0.03, -0.12)	(-2.04, 1.33, 1.91)	4.217363	221.4702	168.6917	-143.4997	0	15.02953	-15.01712	0.6106976	0	0	0	0
zylia	60	null	0	15	15	ISI	1296	43.15696	TRUE	null	(-2.04, 1.33, 1.91)	(0.96, 0.57, -0.96)	(1.61, 97.05, 304.00)	(0.99, -0.03, -0.12)	(-2.04, 1.33, 1.91)	4.217422	221.4627	168.6953	-143.4839	0	15.02984	-15.0174	0.6113381	0	0	0	0
zylia	60	null	0	15	15	ISI	1297	43.19037	TRUE	null	(-2.04, 1.33, 1.91)	(0.96, 0.57, -0.96)	(1.62, 97.05, 303.99)	(0.99, -0.03, -0.12)	(-2.04, 1.33, 1.91)	4.21736	221.4749	168.7044	-143.492	0	15.03024	-15.01785	0.6103771	0	0	0	0
zylia	60	null	0	15	15	ISI	1298	43.22381	TRUE	null	(-2.04, 1.33, 1.91)	(0.96, 0.57, -0.96)	(1.62, 97.05, 304.01)	(0.99, -0.03, -0.12)	(-2.04, 1.33, 1.91)	4.217401	221.4715	168.7032	-143.4882	0	15.03018	-15.01775	0.6110179	0	0	0	0
zylia	60	null	0	15	15	ISI	1299	43.25726	TRUE	null	(-2.04, 1.33, 1.91)	(0.96, 0.57, -0.96)	(1.61, 97.06, 303.98)	(0.99, -0.03, -0.12)	(-2.04, 1.33, 1.91)	4.217342	221.4802	168.7027	-143.5022	0	15.0303	-15.0179	0.6103771	0	0	0	0
zylia	60	null	0	15	15	ISI	1300	43.29034	TRUE	null	(-2.04, 1.33, 1.91)	(0.96, 0.57, -0.96)	(1.62, 97.05, 303.99)	(0.99, -0.03, -0.12)	(-2.04, 1.33, 1.91)	4.217343	221.4768	168.7051	-143.4941	0	15.03072	-15.01833	0.6100564	0	0	0	0
zylia	60	null	0	15	15	ISI	1301	43.3241	TRUE	null	(-2.04, 1.33, 1.91)	(0.96, 0.57, -0.96)	(1.61, 97.05, 303.97)	(0.99, -0.03, -0.12)	(-2.04, 1.33, 1.91)	4.217393	221.4695	168.7004	-143.4883	0	15.03017	-15.01775	0.6106976	0	0	0	0
zylia	60	null	0	15	15	ISI	1302	43.35795	TRUE	null	(-2.04, 1.33, 1.91)	(0.96, 0.57, -0.96)	(1.61, 97.04, 304.00)	(0.99, -0.03, -0.12)	(-2.04, 1.33, 1.91)	4.21741	221.4631	168.6976	-143.4818	0	15.02998	-15.01756	0.6110179	0	0	0	0
zylia	60	null	0	15	15	ISI	1303	43.39078	TRUE	null	(-2.04, 1.33, 1.91)	(0.96, 0.57, -0.96)	(1.60, 97.07, 303.99)	(0.99, -0.03, -0.12)	(-2.04, 1.33, 1.91)	4.217319	221.4698	168.6867	-143.5049	0	15.02964	-15.01723	0.6106976	0	0	0	0
zylia	60	null	0	15	15	ISI	1304	43.42374	TRUE	null	(-2.04, 1.33, 1.91)	(0.96, 0.57, -0.96)	(1.61, 97.06, 303.95)	(0.99, -0.03, -0.12)	(-2.04, 1.33, 1.91)	4.217366	221.4704	168.6943	-143.4969	0	15.03003	-15.01762	0.6106976	0	0	0	0
zylia	60	null	0	15	15	ISI	1305	43.45693	TRUE	null	(-2.04, 1.33, 1.91)	(0.96, 0.57, -0.96)	(1.61, 97.04, 303.99)	(0.99, -0.03, -0.12)	(-2.04, 1.33, 1.91)	4.217405	221.4643	168.6984	-143.4826	0	15.03018	-15.01775	0.6110179	0	0	0	0
zylia	60	null	0	15	15	ISI	1306	43.49178	TRUE	null	(-2.04, 1.33, 1.91)	(0.96, 0.57, -0.96)	(1.62, 97.05, 304.01)	(0.99, -0.03, -0.12)	(-2.04, 1.33, 1.91)	4.217382	221.4697	168.7024	-143.4863	0	15.03012	-15.01771	0.6106976	0	0	0	0
zylia	60	null	0	15	15	ISI	1307	43.52321	TRUE	null	(-2.04, 1.33, 1.91)	(0.96, 0.57, -0.96)	(1.62, 97.05, 303.97)	(0.99, -0.03, -0.12)	(-2.04, 1.33, 1.91)	4.217371	221.4758	168.7047	-143.4931	0	15.03044	-15.01803	0.6106976	0	0	0	0
zylia	60	null	0	15	15	ISI	1308	43.55739	TRUE	null	(-2.04, 1.33, 1.91)	(0.96, 0.57, -0.96)	(1.59, 97.07, 303.97)	(0.99, -0.03, -0.12)	(-2.04, 1.33, 1.91)	4.21735	221.4686	168.684	-143.5063	0	15.02945	-15.01703	0.6110179	0	0	0	0
zylia	60	null	0	15	15	ISI	1309	43.59007	TRUE	null	(-2.04, 1.33, 1.91)	(0.96, 0.57, -0.96)	(1.60, 97.06, 303.98)	(0.99, -0.03, -0.12)	(-2.04, 1.33, 1.91)	4.217359	221.466	168.6893	-143.4961	0	15.02944	-15.01703	0.6106976	0	0	0	0
zylia	60	null	0	15	15	ISI	1310	43.62397	TRUE	null	(-2.04, 1.33, 1.91)	(0.96, 0.57, -0.96)	(1.61, 97.05, 303.96)	(0.99, -0.03, -0.12)	(-2.04, 1.33, 1.91)	4.217383	221.4674	168.6943	-143.4924	0	15.02994	-15.01752	0.6110179	0	0	0	0
zylia	60	null	0	15	15	ISI	1311	43.65711	TRUE	null	(-2.04, 1.33, 1.91)	(0.96, 0.57, -0.96)	(1.61, 97.05, 304.00)	(0.99, -0.03, -0.12)	(-2.04, 1.33, 1.91)	4.217389	221.4707	168.6999	-143.4908	0	15.03014	-15.01773	0.6106976	0	0	0	0
zylia	60	null	0	15	15	ISI	1312	43.69043	TRUE	null	(-2.04, 1.33, 1.91)	(0.96, 0.57, -0.96)	(1.61, 97.06, 303.96)	(0.99, -0.03, -0.12)	(-2.04, 1.33, 1.91)	4.217375	221.4697	168.6956	-143.4942	0	15.03021	-15.01779	0.6106976	0	0	0	0
zylia	60	null	0	15	15	ISI	1313	43.72449	TRUE	null	(-2.04, 1.33, 1.91)	(0.96, 0.57, -0.96)	(1.60, 97.07, 303.98)	(0.99, -0.03, -0.12)	(-2.04, 1.33, 1.91)	4.217273	221.4766	168.6904	-143.5111	0	15.02961	-15.01721	0.6103771	0	0	0	0
zylia	60	null	0	15	15	ISI	1314	43.75772	TRUE	null	(-2.04, 1.33, 1.91)	(0.96, 0.57, -0.96)	(1.59, 97.08, 303.98)	(0.99, -0.03, -0.12)	(-2.04, 1.33, 1.91)	4.217312	221.4699	168.6812	-143.5115	0	15.02945	-15.01704	0.6106976	0	0	0	0
zylia	60	null	0	15	15	ISI	1315	43.79018	TRUE	null	(-2.04, 1.33, 1.91)	(0.96, 0.57, -0.96)	(1.60, 97.07, 303.98)	(0.99, -0.03, -0.12)	(-2.04, 1.33, 1.91)	4.217356	221.469	168.6852	-143.5055	0	15.02961	-15.01719	0.6110179	0	0	0	0
zylia	60	null	0	15	15	ITI	1316	43.82431	TRUE	null	(-2.04, 1.33, 1.91)	(0.96, 0.57, -0.96)	(1.60, 97.06, 303.98)	(0.99, -0.03, -0.12)	(-2.04, 1.33, 1.91)	4.217363	221.466	168.6849	-143.5012	0	15.02953	-15.01711	0.6110179	0	0	0	0
zylia	60	null	0	16	16	ITI	1317	43.85684	TRUE	null	(-2.04, 1.33, 1.91)	(0.96, 0.57, -0.96)	(1.60, 97.07, 303.96)	(0.99, -0.03, -0.12)	(-2.01, 1.26, 2.28)	4.444304	219.9418	169.8506	-139.7325	0	13.60088	-13.553	-1.140209	0	0	0	0
zylia	60	null	0	16	16	StimOn	1318	43.89048	TRUE	null	(-2.04, 1.33, 1.91)	(0.96, 0.57, -0.96)	(1.61, 97.05, 303.99)	(0.99, -0.03, -0.12)	(-2.01, 1.26, 2.28)	4.444369	219.9343	169.8579	-139.7118	0	13.60093	-13.55306	-1.140038	0	0	0	0
zylia	60	null	0	16	16	StimOn	1319	43.92416	TRUE	null	(-2.01, 1.26, 2.28)	(0.96, 0.57, -0.96)	(1.60, 97.06, 303.99)	(0.99, -0.03, -0.12)	(-2.01, 1.26, 2.28)	4.444361	219.936	169.851	-139.7228	0	13.6008	-13.55293	-1.140038	0	0	0	0
zylia	60	null	0	16	16	StimOn	1320	43.95693	TRUE	null	(-2.01, 1.26, 2.28)	(0.96, 0.57, -0.96)	(1.61, 97.05, 304.01)	(0.99, -0.03, -0.12)	(-2.01, 1.26, 2.28)	4.444331	219.9427	169.8618	-139.7203	0	13.60117	-13.55327	-1.140553	0	0	0	0
zylia	60	null	0	16	16	StimOn	1321	43.99067	TRUE	null	(-2.01, 1.26, 2.28)	(0.96, 0.57, -0.96)	(1.60, 97.07, 303.95)	(0.99, -0.03, -0.12)	(-2.01, 1.26, 2.28)	4.444294	219.9454	169.8549	-139.733	0	13.601	-13.55309	-1.140553	0	0	0	0
zylia	60	null	0	16	16	StimOn	1322	44.02385	TRUE	null	(-2.01, 1.26, 2.28)	(0.96, 0.57, -0.96)	(1.62, 97.06, 303.98)	(0.99, -0.03, -0.12)	(-2.01, 1.26, 2.28)	4.444308	219.9526	169.8717	-139.7239	0	13.60154	-13.55362	-1.140724	0	0	0	0
zylia	60	null	0	16	16	StimOn	1323	44.05745	TRUE	null	(-2.01, 1.26, 2.28)	(0.96, 0.57, -0.96)	(1.60, 97.07, 303.96)	(0.99, -0.03, -0.12)	(-2.01, 1.26, 2.28)	4.444283	219.9472	169.858	-139.7319	0	13.60096	-13.55306	-1.140381	0	0	0	0
zylia	60	null	0	16	16	StimOn	1324	44.09019	TRUE	null	(-2.01, 1.26, 2.28)	(0.96, 0.57, -0.96)	(1.61, 97.06, 303.98)	(0.99, -0.03, -0.12)	(-2.01, 1.26, 2.28)	4.444341	219.9422	169.8609	-139.7206	0	13.6012	-13.55332	-1.140209	0	0	0	0
zylia	60	null	0	16	16	StimOn	1325	44.12369	TRUE	null	(-2.01, 1.26, 2.28)	(0.96, 0.57, -0.96)	(1.61, 97.05, 304.00)	(0.99, -0.03, -0.12)	(-2.01, 1.26, 2.28)	4.444353	219.9407	169.8622	-139.7166	0	13.60122	-13.55331	-1.140553	0	0	0	0
zylia	60	null	0	16	16	StimOn	1326	44.15761	TRUE	null	(-2.01, 1.26, 2.28)	(0.96, 0.57, -0.96)	(1.61, 97.06, 303.96)	(0.99, -0.03, -0.12)	(-2.01, 1.26, 2.28)	4.444334	219.9469	169.8642	-139.724	0	13.60168	-13.55378	-1.140553	0	0	0	0
zylia	60	null	0	16	16	StimOn	1327	44.19095	TRUE	null	(-2.01, 1.26, 2.28)	(0.96, 0.57, -0.96)	(1.62, 97.05, 303.96)	(0.99, -0.03, -0.12)	(-2.01, 1.26, 2.28)	4.444326	219.9457	169.8678	-139.7177	0	13.60135	-13.55346	-1.140381	0	0	0	0
zylia	60	null	0	16	16	StimOn	1328	44.22389	TRUE	null	(-2.01, 1.26, 2.28)	(0.96, 0.57, -0.96)	(1.61, 97.05, 303.97)	(0.99, -0.03, -0.12)	(-2.01, 1.26, 2.28)	4.444347	219.9438	169.8657	-139.7172	0	13.6014	-13.5535	-1.140553	0	0	0	0
zylia	60	null	0	16	16	StimOn	1329	44.25722	TRUE	null	(-2.01, 1.26, 2.28)	(0.96, 0.57, -0.96)	(1.62, 97.06, 303.97)	(0.99, -0.03, -0.12)	(-2.01, 1.26, 2.28)	4.44432	219.9511	169.8712	-139.7221	0	13.60161	-13.5537	-1.140553	0	0	0	0
zylia	60	null	0	16	16	StimOn	1330	44.29066	TRUE	null	(-2.01, 1.26, 2.28)	(0.96, 0.57, -0.96)	(1.60, 97.08, 303.98)	(0.99, -0.03, -0.12)	(-2.01, 1.26, 2.28)	4.444267	219.9489	169.8539	-139.7398	0	13.60075	-13.55284	-1.140553	0	0	0	0
zylia	60	null	0	16	16	StimOn	1331	44.32379	TRUE	null	(-2.01, 1.26, 2.28)	(0.96, 0.57, -0.96)	(1.60, 97.07, 303.98)	(0.99, -0.03, -0.12)	(-2.01, 1.26, 2.28)	4.444301	219.9408	169.8498	-139.7318	0	13.60062	-13.55277	-1.139866	0	0	0	0
zylia	60	null	0	16	16	StimOn	1332	44.35743	TRUE	null	(-2.01, 1.26, 2.28)	(0.96, 0.57, -0.96)	(1.61, 97.05, 303.98)	(0.99, -0.03, -0.12)	(-2.01, 1.26, 2.28)	4.44433	219.9418	169.864	-139.7161	0	13.60112	-13.55319	-1.140724	0	0	0	0
zylia	60	null	0	16	16	StimOn	1333	44.39043	TRUE	null	(-2.01, 1.26, 2.28)	(0.96, 0.57, -0.96)	(1.61, 97.05, 303.98)	(0.99, -0.03, -0.12)	(-2.01, 1.26, 2.28)	4.444335	219.9421	169.8631	-139.7177	0	13.60116	-13.55325	-1.140553	0	0	0	0
zylia	60	null	0	16	16	ISI	1334	44.42356	TRUE	null	(-2.01, 1.26, 2.28)	(0.96, 0.57, -0.96)	(1.60, 97.07, 303.98)	(0.99, -0.03, -0.12)	(-2.01, 1.26, 2.28)	4.444286	219.945	169.8497	-139.7386	0	13.60085	-13.55296	-1.140381	0	0	0	0
zylia	60	null	0	16	16	ISI	1335	44.4571	TRUE	null	(-2.01, 1.26, 2.28)	(0.96, 0.57, -0.96)	(1.60, 97.07, 303.97)	(0.99, -0.03, -0.12)	(-2.01, 1.26, 2.28)	4.444273	219.9463	169.8548	-139.7344	0	13.60088	-13.55298	-1.140553	0	0	0	0
zylia	60	null	0	16	16	ISI	1336	44.49094	TRUE	null	(-2.01, 1.26, 2.28)	(0.96, 0.57, -0.96)	(1.61, 97.06, 303.97)	(0.99, -0.03, -0.12)	(-2.01, 1.26, 2.28)	4.444293	219.9466	169.8596	-139.7291	0	13.60122	-13.55331	-1.140553	0	0	0	0
zylia	60	null	0	16	16	ISI	1337	44.52385	TRUE	null	(-2.01, 1.26, 2.28)	(0.96, 0.57, -0.96)	(1.61, 97.06, 303.98)	(0.99, -0.03, -0.12)	(-2.01, 1.26, 2.28)	4.444311	219.9504	169.8641	-139.7296	0	13.60172	-13.55381	-1.140724	0	0	0	0
zylia	60	null	0	16	16	ISI	1338	44.55679	TRUE	null	(-2.01, 1.26, 2.28)	(0.96, 0.57, -0.96)	(1.61, 97.06, 303.99)	(0.99, -0.03, -0.12)	(-2.01, 1.26, 2.28)	4.444339	219.9472	169.8632	-139.7257	0	13.60156	-13.55367	-1.140381	0	0	0	0
zylia	60	null	0	16	16	ISI	1339	44.59058	TRUE	null	(-2.01, 1.26, 2.28)	(0.96, 0.57, -0.96)	(1.61, 97.06, 303.96)	(0.99, -0.03, -0.12)	(-2.01, 1.26, 2.28)	4.444291	219.9496	169.8664	-139.7257	0	13.60135	-13.55343	-1.140724	0	0	0	0
zylia	60	null	0	16	16	ISI	1340	44.62466	TRUE	null	(-2.01, 1.26, 2.28)	(0.96, 0.57, -0.96)	(1.61, 97.05, 303.99)	(0.99, -0.03, -0.12)	(-2.01, 1.26, 2.28)	4.444341	219.9424	169.8636	-139.7176	0	13.6012	-13.5533	-1.140553	0	0	0	0
zylia	60	null	0	16	16	ISI	1341	44.65718	TRUE	null	(-2.01, 1.26, 2.28)	(0.96, 0.57, -0.96)	(1.61, 97.05, 303.99)	(0.99, -0.03, -0.12)	(-2.01, 1.26, 2.28)	4.444351	219.9382	169.8599	-139.7155	0	13.60107	-13.55318	-1.140381	0	0	0	0
zylia	60	null	0	16	16	ISI	1342	44.69069	TRUE	null	(-2.01, 1.26, 2.28)	(0.96, 0.57, -0.96)	(1.61, 97.05, 303.99)	(0.99, -0.03, -0.12)	(-2.01, 1.26, 2.28)	4.444354	219.9388	169.8613	-139.7148	0	13.60126	-13.55337	-1.140381	0	0	0	0
zylia	60	null	0	16	16	ITI	1343	44.72408	TRUE	null	(-2.01, 1.26, 2.28)	(0.96, 0.57, -0.96)	(1.61, 97.05, 303.99)	(0.99, -0.03, -0.12)	(-2.01, 1.26, 2.28)	4.444366	219.9388	169.8603	-139.716	0	13.60122	-13.55335	-1.140038	0	0	0	0
zylia	60	null	0	17	17	ITI	1344	44.757	TRUE	null	(-2.01, 1.26, 2.28)	(0.96, 0.57, -0.96)	(1.62, 97.05, 304.00)	(0.99, -0.03, -0.12)	(-1.55, 1.79, 2.55)	4.478159	207.2424	158.9234	-133.0141	0	15.66645	-15.08401	-4.232071	0	0	0	0
zylia	60	null	0	17	17	StimOn	1345	44.79079	TRUE	null	(-2.01, 1.26, 2.28)	(0.96, 0.57, -0.96)	(1.61, 97.06, 303.98)	(0.99, -0.03, -0.12)	(-1.55, 1.79, 2.55)	4.47816	207.2388	158.9167	-133.0165	0	15.66619	-15.08377	-4.231932	0	0	0	0
zylia	60	null	0	17	17	StimOn	1346	44.82392	TRUE	null	(-1.55, 1.79, 2.55)	(0.96, 0.57, -0.96)	(1.61, 97.05, 303.97)	(0.99, -0.03, -0.12)	(-1.55, 1.79, 2.55)	4.478194	207.2372	158.9172	-133.0135	0	15.66624	-15.08385	-4.23184	0	0	0	0
zylia	60	null	0	17	17	StimOn	1347	44.85715	TRUE	null	(-1.55, 1.79, 2.55)	(0.96, 0.57, -0.96)	(1.62, 97.06, 303.98)	(0.99, -0.03, -0.12)	(-1.55, 1.79, 2.55)	4.47815	207.2465	158.9266	-133.0167	0	15.66667	-15.08422	-4.232118	0	0	0	0
zylia	60	null	0	17	17	StimOn	1348	44.89038	TRUE	null	(-1.55, 1.79, 2.55)	(0.96, 0.57, -0.96)	(1.61, 97.07, 303.98)	(0.99, -0.03, -0.12)	(-1.55, 1.79, 2.55)	4.478142	207.2435	158.916	-133.0248	0	15.66619	-15.08381	-4.231793	0	0	0	0
zylia	60	null	0	17	17	StimOn	1349	44.92432	TRUE	null	(-1.55, 1.79, 2.55)	(0.96, 0.57, -0.96)	(1.61, 97.05, 304.00)	(0.99, -0.03, -0.12)	(-1.55, 1.79, 2.55)	4.478165	207.2355	158.9178	-133.0102	0	15.6663	-15.08385	-4.232071	0	0	0	0
zylia	60	null	0	17	17	StimOn	1350	44.95739	TRUE	null	(-1.55, 1.79, 2.55)	(0.96, 0.57, -0.96)	(1.62, 97.05, 304.00)	(0.99, -0.03, -0.12)	(-1.55, 1.79, 2.55)	4.478176	207.2391	158.9207	-133.0121	0	15.66633	-15.08392	-4.231932	0	0	0	0
zylia	60	null	0	17	17	StimOn	1351	44.99089	TRUE	null	(-1.55, 1.79, 2.55)	(0.96, 0.57, -0.96)	(1.61, 97.05, 303.99)	(0.99, -0.03, -0.12)	(-1.55, 1.79, 2.55)	4.478181	207.2339	158.9158	-133.01	0	15.66628	-15.0839	-4.231793	0	0	0	0
zylia	60	null	0	17	17	StimOn	1352	45.0239	TRUE	null	(-1.55, 1.79, 2.55)	(0.96, 0.57, -0.96)	(1.61, 97.05, 303.99)	(0.99, -0.03, -0.12)	(-1.55, 1.79, 2.55)	4.478164	207.2331	158.9122	-133.013	0	15.66596	-15.08362	-4.231655	0	0	0	0
zylia	60	null	0	17	17	StimOn	1353	45.05695	TRUE	null	(-1.55, 1.79, 2.55)	(0.96, 0.57, -0.96)	(1.60, 97.07, 303.97)	(0.99, -0.03, -0.12)	(-1.55, 1.79, 2.55)	4.478086	207.2447	158.9147	-133.0281	0	15.66597	-15.08356	-4.231886	0	0	0	0
zylia	60	null	0	17	17	StimOn	1354	45.09042	TRUE	null	(-1.55, 1.79, 2.55)	(0.96, 0.57, -0.96)	(1.61, 97.05, 303.98)	(0.99, -0.03, -0.12)	(-1.55, 1.79, 2.55)	4.478189	207.2314	158.9148	-133.0074	0	15.66615	-15.08379	-4.231748	0	0	0	0
zylia	60	null	0	17	17	StimOn	1355	45.12397	TRUE	null	(-1.55, 1.79, 2.55)	(0.96, 0.57, -0.96)	(1.61, 97.05, 303.98)	(0.99, -0.03, -0.12)	(-1.55, 1.79, 2.55)	4.478176	207.2327	158.9162	-133.0078	0	15.66618	-15.08376	-4.231932	0	0	0	0
zylia	60	null	0	17	17	StimOn	1356	45.15732	TRUE	null	(-1.55, 1.79, 2.55)	(0.96, 0.57, -0.96)	(1.61, 97.05, 303.97)	(0.99, -0.03, -0.12)	(-1.55, 1.79, 2.55)	4.478191	207.2329	158.9149	-133.0096	0	15.66624	-15.08388	-4.231748	0	0	0	0
zylia	60	null	0	17	17	StimOn	1357	45.19022	TRUE	null	(-1.55, 1.79, 2.55)	(0.96, 0.57, -0.96)	(1.60, 97.06, 303.98)	(0.99, -0.03, -0.12)	(-1.55, 1.79, 2.55)	4.47816	207.2352	158.911	-133.0177	0	15.66596	-15.08359	-4.231748	0	0	0	0
zylia	60	null	0	17	17	StimOn	1358	45.22331	TRUE	null	(-1.55, 1.79, 2.55)	(0.96, 0.57, -0.96)	(1.61, 97.05, 303.95)	(0.99, -0.03, -0.12)	(-1.55, 1.79, 2.55)	4.47818	207.2347	158.9178	-133.0089	0	15.66629	-15.08377	-4.232303	0	0	0	0
zylia	60	null	0	17	17	StimOn	1359	45.25732	TRUE	null	(-1.55, 1.79, 2.55)	(0.96, 0.57, -0.96)	(1.60, 97.06, 303.97)	(0.99, -0.03, -0.12)	(-1.55, 1.79, 2.55)	4.478178	207.2314	158.9058	-133.0181	0	15.66556	-15.08325	-4.23147	0	0	0	0
zylia	60	null	0	17	17	StimOn	1360	45.29057	TRUE	null	(-1.55, 1.79, 2.55)	(0.96, 0.57, -0.96)	(1.60, 97.07, 303.96)	(0.99, -0.03, -0.12)	(-1.55, 1.79, 2.55)	4.478131	207.2444	158.9144	-133.0281	0	15.66628	-15.0838	-4.232164	0	0	0	0
zylia	60	null	0	17	17	ISI	1361	45.3241	TRUE	null	(-1.55, 1.79, 2.55)	(0.96, 0.57, -0.96)	(1.60, 97.06, 303.98)	(0.99, -0.03, -0.12)	(-1.55, 1.79, 2.55)	4.478144	207.2406	158.9144	-133.022	0	15.66659	-15.08413	-4.232164	0	0	0	0
zylia	60	null	0	17	17	ISI	1362	45.3577	TRUE	null	(-1.55, 1.79, 2.55)	(0.96, 0.57, -0.96)	(1.61, 97.05, 303.97)	(0.99, -0.03, -0.12)	(-1.55, 1.79, 2.55)	4.478161	207.2337	158.9168	-133.0085	0	15.6664	-15.08401	-4.231886	0	0	0	0
zylia	60	null	0	17	17	ISI	1363	45.39067	TRUE	null	(-1.55, 1.79, 2.55)	(0.96, 0.57, -0.96)	(1.61, 97.06, 303.99)	(0.99, -0.03, -0.12)	(-1.55, 1.79, 2.55)	4.478138	207.2384	158.9136	-133.0196	0	15.6661	-15.08369	-4.231886	0	0	0	0
zylia	60	null	0	17	17	ISI	1364	45.42406	TRUE	null	(-1.55, 1.79, 2.55)	(0.96, 0.57, -0.96)	(1.59, 97.06, 303.98)	(0.99, -0.03, -0.12)	(-1.55, 1.79, 2.55)	4.478213	207.2289	158.9026	-133.018	0	15.66567	-15.08341	-4.231331	0	0	0	0
zylia	60	null	0	17	17	ISI	1365	45.45824	TRUE	null	(-1.55, 1.79, 2.55)	(0.96, 0.57, -0.96)	(1.61, 97.05, 303.97)	(0.99, -0.03, -0.12)	(-1.55, 1.79, 2.55)	4.478188	207.2281	158.9113	-133.0063	0	15.666	-15.08362	-4.231793	0	0	0	0
zylia	60	null	0	17	17	ISI	1366	45.49013	TRUE	null	(-1.55, 1.79, 2.55)	(0.96, 0.57, -0.96)	(1.60, 97.06, 304.00)	(0.99, -0.03, -0.12)	(-1.55, 1.79, 2.55)	4.478164	207.2396	158.9136	-133.0216	0	15.66594	-15.08356	-4.231748	0	0	0	0
zylia	60	null	0	17	17	ISI	1367	45.52353	TRUE	null	(-1.55, 1.79, 2.55)	(0.96, 0.57, -0.96)	(1.61, 97.05, 303.98)	(0.99, -0.03, -0.12)	(-1.55, 1.79, 2.55)	4.478174	207.2361	158.9186	-133.01	0	15.66631	-15.0839	-4.231932	0	0	0	0
zylia	60	null	0	17	17	ISI	1368	45.55705	TRUE	null	(-1.55, 1.79, 2.55)	(0.96, 0.57, -0.96)	(1.61, 97.06, 303.98)	(0.99, -0.03, -0.12)	(-1.55, 1.79, 2.55)	4.478157	207.2384	158.917	-133.0156	0	15.66609	-15.08363	-4.232071	0	0	0	0
zylia	60	null	0	17	17	ISI	1369	45.59127	TRUE	null	(-1.55, 1.79, 2.55)	(0.96, 0.57, -0.96)	(1.61, 97.07, 303.96)	(0.99, -0.03, -0.12)	(-1.55, 1.79, 2.55)	4.478141	207.2429	158.916	-133.0238	0	15.66605	-15.08366	-4.23184	0	0	0	0
zylia	60	null	0	17	17	ISI	1370	45.62439	TRUE	null	(-1.55, 1.79, 2.55)	(0.96, 0.57, -0.96)	(1.60, 97.06, 303.99)	(0.99, -0.03, -0.12)	(-1.55, 1.79, 2.55)	4.478165	207.2361	158.9088	-133.0218	0	15.66584	-15.08352	-4.231516	0	0	0	0
zylia	60	null	0	17	17	ISI	1371	45.65682	TRUE	null	(-1.55, 1.79, 2.55)	(0.96, 0.57, -0.96)	(1.61, 97.06, 303.97)	(0.99, -0.03, -0.12)	(-1.55, 1.79, 2.55)	4.478168	207.2407	158.9149	-133.0217	0	15.66621	-15.0838	-4.231932	0	0	0	0
zylia	60	null	0	17	17	ISI	1372	45.69064	TRUE	null	(-1.55, 1.79, 2.55)	(0.96, 0.57, -0.96)	(1.59, 97.08, 303.99)	(0.99, -0.03, -0.12)	(-1.55, 1.79, 2.55)	4.478087	207.2407	158.9065	-133.0316	0	15.66563	-15.08322	-4.23184	0	0	0	0
zylia	60	null	0	17	17	ISI	1373	45.72478	TRUE	null	(-1.55, 1.79, 2.55)	(0.96, 0.57, -0.96)	(1.61, 97.05, 303.99)	(0.99, -0.03, -0.12)	(-1.55, 1.79, 2.55)	4.478172	207.2389	158.92	-133.0128	0	15.66638	-15.08397	-4.231932	0	0	0	0
zylia	60	null	0	17	17	ISI	1374	45.75743	TRUE	null	(-1.55, 1.79, 2.55)	(0.96, 0.57, -0.96)	(1.61, 97.07, 304.00)	(0.99, -0.03, -0.12)	(-1.55, 1.79, 2.55)	4.478122	207.2479	158.9204	-133.0264	0	15.6662	-15.08377	-4.231979	0	0	0	0
zylia	60	null	0	17	17	ISI	1375	45.79032	TRUE	null	(-1.55, 1.79, 2.55)	(0.96, 0.57, -0.96)	(1.61, 97.06, 304.00)	(0.99, -0.03, -0.12)	(-1.55, 1.79, 2.55)	4.478154	207.2393	158.9149	-133.0193	0	15.66616	-15.08375	-4.231932	0	0	0	0
zylia	60	null	0	17	17	ISI	1376	45.82462	TRUE	null	(-1.55, 1.79, 2.55)	(0.96, 0.57, -0.96)	(1.61, 97.05, 303.98)	(0.99, -0.03, -0.12)	(-1.55, 1.79, 2.55)	4.478175	207.2347	158.9155	-133.0116	0	15.66624	-15.08384	-4.231886	0	0	0	0
zylia	60	null	0	17	17	ISI	1377	45.8569	TRUE	null	(-1.55, 1.79, 2.55)	(0.96, 0.57, -0.96)	(1.61, 97.05, 304.01)	(0.99, -0.03, -0.12)	(-1.55, 1.79, 2.55)	4.47818	207.2344	158.9166	-133.0098	0	15.66616	-15.08373	-4.231979	0	0	0	0
zylia	60	null	0	17	17	ISI	1378	45.89058	TRUE	null	(-1.55, 1.79, 2.55)	(0.96, 0.57, -0.96)	(1.60, 97.06, 303.96)	(0.99, -0.03, -0.12)	(-1.55, 1.79, 2.55)	4.478147	207.2386	158.9134	-133.0203	0	15.66615	-15.08379	-4.231748	0	0	0	0
zylia	60	null	0	17	17	ISI	1379	45.92352	TRUE	null	(-1.55, 1.79, 2.55)	(0.96, 0.57, -0.96)	(1.61, 97.06, 303.96)	(0.99, -0.03, -0.12)	(-1.55, 1.79, 2.55)	4.478147	207.2361	158.9144	-133.0152	0	15.66597	-15.08356	-4.231886	0	0	0	0
zylia	60	null	0	17	17	ISI	1380	45.95699	TRUE	null	(-1.55, 1.79, 2.55)	(0.96, 0.57, -0.96)	(1.61, 97.05, 303.98)	(0.99, -0.03, -0.12)	(-1.55, 1.79, 2.55)	4.47817	207.2317	158.9117	-133.0115	0	15.66611	-15.08375	-4.231748	0	0	0	0
zylia	60	null	0	17	17	ISI	1381	45.99062	TRUE	null	(-1.55, 1.79, 2.55)	(0.96, 0.57, -0.96)	(1.62, 97.05, 303.99)	(0.99, -0.03, -0.12)	(-1.55, 1.79, 2.55)	4.478137	207.2392	158.9216	-133.0113	0	15.66677	-15.08431	-4.232164	0	0	0	0
zylia	60	null	0	17	17	ISI	1382	46.02355	TRUE	null	(-1.55, 1.79, 2.55)	(0.96, 0.57, -0.96)	(1.62, 97.05, 303.99)	(0.99, -0.03, -0.12)	(-1.55, 1.79, 2.55)	4.478171	207.24	158.9209	-133.0134	0	15.66647	-15.08406	-4.231932	0	0	0	0
zylia	60	null	0	17	17	ISI	1383	46.05717	TRUE	null	(-1.55, 1.79, 2.55)	(0.96, 0.57, -0.96)	(1.60, 97.08, 303.99)	(0.99, -0.03, -0.12)	(-1.55, 1.79, 2.55)	4.478088	207.2517	158.9179	-133.0352	0	15.66613	-15.08369	-4.231979	0	0	0	0
zylia	60	null	0	17	17	ISI	1384	46.09025	TRUE	null	(-1.55, 1.79, 2.55)	(0.96, 0.57, -0.96)	(1.61, 97.06, 303.96)	(0.99, -0.03, -0.12)	(-1.55, 1.79, 2.55)	4.478161	207.2389	158.9141	-133.0198	0	15.66606	-15.08371	-4.231701	0	0	0	0
zylia	60	null	0	17	17	ISI	1385	46.12451	TRUE	null	(-1.55, 1.79, 2.55)	(0.96, 0.57, -0.96)	(1.61, 97.05, 303.99)	(0.99, -0.03, -0.12)	(-1.55, 1.79, 2.55)	4.478169	207.2374	158.919	-133.0117	0	15.66621	-15.08381	-4.231886	0	0	0	0
zylia	60	null	0	17	17	ISI	1386	46.15693	TRUE	null	(-1.55, 1.79, 2.55)	(0.96, 0.57, -0.96)	(1.61, 97.05, 303.99)	(0.99, -0.03, -0.12)	(-1.55, 1.79, 2.55)	4.478192	207.2316	158.9149	-133.0074	0	15.66595	-15.08359	-4.231701	0	0	0	0
zylia	60	null	0	17	17	ISI	1387	46.1907	TRUE	null	(-1.55, 1.79, 2.55)	(0.96, 0.57, -0.96)	(1.60, 97.06, 303.98)	(0.99, -0.03, -0.12)	(-1.55, 1.79, 2.55)	4.478206	207.2294	158.9077	-133.0126	0	15.66591	-15.08363	-4.231423	0	0	0	0
zylia	60	null	0	17	17	ISI	1388	46.2239	TRUE	null	(-1.55, 1.79, 2.55)	(0.96, 0.57, -0.96)	(1.59, 97.07, 303.98)	(0.99, -0.03, -0.12)	(-1.55, 1.79, 2.55)	4.478174	207.233	158.9035	-133.0233	0	15.66547	-15.08316	-4.23147	0	0	0	0
zylia	60	null	0	17	17	ISI	1389	46.25691	TRUE	null	(-1.55, 1.79, 2.55)	(0.96, 0.57, -0.96)	(1.61, 97.05, 303.99)	(0.99, -0.03, -0.12)	(-1.55, 1.79, 2.55)	4.478182	207.2345	158.916	-133.0107	0	15.66637	-15.08397	-4.231886	0	0	0	0
zylia	60	null	0	17	17	ISI	1390	46.2906	TRUE	null	(-1.55, 1.79, 2.55)	(0.96, 0.57, -0.96)	(1.62, 97.05, 303.98)	(0.99, -0.03, -0.12)	(-1.55, 1.79, 2.55)	4.478158	207.24	158.9211	-133.0132	0	15.66635	-15.08392	-4.232025	0	0	0	0
zylia	60	null	0	17	17	ISI	1391	46.32375	TRUE	null	(-1.55, 1.79, 2.55)	(0.96, 0.57, -0.96)	(1.61, 97.06, 303.98)	(0.99, -0.03, -0.12)	(-1.55, 1.79, 2.55)	4.478155	207.2426	158.921	-133.0173	0	15.66625	-15.0838	-4.232071	0	0	0	0
zylia	60	null	0	17	17	ITI	1392	46.35488	TRUE	null	(-1.55, 1.79, 2.55)	(0.96, 0.57, -0.96)	(1.61, 97.05, 303.98)	(0.99, -0.03, -0.12)	(-1.55, 1.79, 2.55)	4.478197	207.2347	158.9166	-133.0102	0	15.66604	-15.08371	-4.231609	0	0	0	0
zylia	60	null	0	18	18	ITI	1393	46.39068	TRUE	null	(-1.55, 1.79, 2.55)	(0.96, 0.57, -0.96)	(1.59, 97.07, 303.97)	(0.99, -0.03, -0.12)	(1.65, 1.25, 2.21)	3.299039	108.7355	67.83013	-84.98521	0	26.79233	-11.33411	-24.27688	0	0	0	0
zylia	60	null	0	18	18	StimOn	1394	46.42373	TRUE	null	(-1.55, 1.79, 2.55)	(0.96, 0.57, -0.96)	(1.61, 97.05, 304.00)	(0.99, -0.03, -0.12)	(1.65, 1.25, 2.21)	3.298969	108.6728	67.7544	-84.96545	0	26.79363	-11.33453	-24.27812	0	0	0	0
zylia	60	null	0	18	18	StimOn	1395	46.45761	TRUE	null	(1.65, 1.25, 2.21)	(0.96, 0.57, -0.96)	(1.60, 97.05, 304.00)	(0.99, -0.03, -0.12)	(1.65, 1.25, 2.21)	3.298979	108.6615	67.74054	-84.962	0	26.79344	-11.33402	-24.27814	0	0	0	0
zylia	60	null	0	18	18	StimOn	1396	46.49073	TRUE	null	(1.65, 1.25, 2.21)	(0.96, 0.57, -0.96)	(1.61, 97.05, 303.96)	(0.99, -0.03, -0.12)	(1.65, 1.25, 2.21)	3.299014	108.6686	67.74908	-84.9643	0	26.79413	-11.33453	-24.27868	0	0	0	0
zylia	60	null	0	18	18	StimOn	1397	46.5238	TRUE	null	(1.65, 1.25, 2.21)	(0.96, 0.57, -0.96)	(1.61, 97.05, 303.98)	(0.99, -0.03, -0.12)	(1.65, 1.25, 2.21)	3.299002	108.6836	67.76748	-84.96876	0	26.79342	-11.33416	-24.27806	0	0	0	0
zylia	60	null	0	18	18	StimOn	1398	46.55715	TRUE	null	(1.65, 1.25, 2.21)	(0.96, 0.57, -0.96)	(1.60, 97.05, 303.97)	(0.99, -0.03, -0.12)	(1.65, 1.25, 2.21)	3.299021	108.681	67.76379	-84.9684	0	26.79417	-11.33496	-24.27851	0	0	0	0
zylia	60	null	0	18	18	StimOn	1399	46.59071	TRUE	null	(1.65, 1.25, 2.21)	(0.96, 0.57, -0.96)	(1.62, 97.05, 304.00)	(0.99, -0.03, -0.12)	(1.65, 1.25, 2.21)	3.298988	108.6875	67.77239	-84.96984	0	26.79375	-11.33454	-24.27825	0	0	0	0
zylia	60	null	0	18	18	StimOn	1400	46.62468	TRUE	null	(1.65, 1.25, 2.21)	(0.96, 0.57, -0.96)	(1.61, 97.05, 303.99)	(0.99, -0.03, -0.12)	(1.65, 1.25, 2.21)	3.298972	108.6797	67.76268	-84.96758	0	26.79388	-11.33493	-24.27821	0	0	0	0
zylia	60	null	0	18	18	StimOn	1401	46.65699	TRUE	null	(1.65, 1.25, 2.21)	(0.96, 0.57, -0.96)	(1.61, 97.05, 303.97)	(0.99, -0.03, -0.12)	(1.65, 1.25, 2.21)	3.298998	108.6666	67.74677	-84.96352	0	26.79409	-11.33487	-24.27846	0	0	0	0
zylia	60	null	0	18	18	StimOn	1402	46.69082	TRUE	null	(1.65, 1.25, 2.21)	(0.96, 0.57, -0.96)	(1.60, 97.07, 303.97)	(0.99, -0.03, -0.12)	(1.65, 1.25, 2.21)	3.29898	108.7303	67.82414	-84.98326	0	26.7917	-11.33388	-24.27629	0	0	0	0
zylia	60	null	0	18	18	StimOn	1403	46.72411	TRUE	null	(1.65, 1.25, 2.21)	(0.96, 0.57, -0.96)	(1.61, 97.05, 303.99)	(0.99, -0.03, -0.12)	(1.65, 1.25, 2.21)	3.298998	108.6816	67.76484	-84.96832	0	26.79402	-11.33491	-24.27837	0	0	0	0
zylia	60	null	0	18	18	StimOn	1404	46.75758	TRUE	null	(1.65, 1.25, 2.21)	(0.96, 0.57, -0.96)	(1.60, 97.06, 303.97)	(0.99, -0.03, -0.12)	(1.65, 1.25, 2.21)	3.29902	108.7025	67.79014	-84.97486	0	26.79262	-11.33381	-24.27734	0	0	0	0
zylia	60	null	0	18	18	StimOn	1405	46.79052	TRUE	null	(1.65, 1.25, 2.21)	(0.96, 0.57, -0.96)	(1.60, 97.07, 303.97)	(0.99, -0.03, -0.12)	(1.65, 1.25, 2.21)	3.299019	108.7368	67.8317	-84.98561	0	26.7929	-11.33475	-24.27721	0	0	0	0
zylia	60	null	0	18	18	StimOn	1406	46.82413	TRUE	null	(1.65, 1.25, 2.21)	(0.96, 0.57, -0.96)	(1.62, 97.05, 303.98)	(0.99, -0.03, -0.12)	(1.65, 1.25, 2.21)	3.298977	108.6807	67.76401	-84.96781	0	26.79378	-11.33468	-24.27821	0	0	0	0
zylia	60	null	0	18	18	StimOn	1407	46.85727	TRUE	null	(1.65, 1.25, 2.21)	(0.96, 0.57, -0.96)	(1.61, 97.05, 303.98)	(0.99, -0.03, -0.12)	(1.65, 1.25, 2.21)	3.298982	108.6724	67.75384	-84.96534	0	26.7938	-11.33446	-24.27835	0	0	0	0
zylia	60	null	0	18	18	StimOn	1408	46.89046	TRUE	null	(1.65, 1.25, 2.21)	(0.96, 0.57, -0.96)	(1.61, 97.05, 303.99)	(0.99, -0.03, -0.12)	(1.65, 1.25, 2.21)	3.299005	108.6848	67.76878	-84.96924	0	26.79383	-11.33444	-24.27839	0	0	0	0
zylia	60	null	0	18	18	StimOn	1409	46.92356	TRUE	null	(1.65, 1.25, 2.21)	(0.96, 0.57, -0.96)	(1.61, 97.06, 303.98)	(0.99, -0.03, -0.12)	(1.65, 1.25, 2.21)	3.299007	108.7056	67.794	-84.9758	0	26.79344	-11.33477	-24.2778	0	0	0	0
zylia	60	null	0	18	18	ISI	1410	46.9575	TRUE	null	(1.65, 1.25, 2.21)	(0.96, 0.57, -0.96)	(1.61, 97.06, 303.98)	(0.99, -0.03, -0.12)	(1.65, 1.25, 2.21)	3.299	108.6882	67.77298	-84.97034	0	26.79351	-11.33463	-24.27794	0	0	0	0
zylia	60	null	0	18	18	ISI	1411	46.99086	TRUE	null	(1.65, 1.25, 2.21)	(0.96, 0.57, -0.96)	(1.61, 97.05, 304.02)	(0.99, -0.03, -0.12)	(1.65, 1.25, 2.21)	3.298971	108.6684	67.74905	-84.96404	0	26.7936	-11.33444	-24.27813	0	0	0	0
zylia	60	null	0	18	18	ISI	1412	47.02384	TRUE	null	(1.65, 1.25, 2.21)	(0.96, 0.57, -0.96)	(1.61, 97.05, 303.99)	(0.99, -0.03, -0.12)	(1.65, 1.25, 2.21)	3.298975	108.6893	67.77422	-84.97071	0	26.7941	-11.33534	-24.27825	0	0	0	0
zylia	60	null	0	18	18	ISI	1413	47.05719	TRUE	null	(1.65, 1.25, 2.21)	(0.96, 0.57, -0.96)	(1.61, 97.05, 303.99)	(0.99, -0.03, -0.12)	(1.65, 1.25, 2.21)	3.298965	108.6799	67.763	-84.96758	0	26.79346	-11.33456	-24.27792	0	0	0	0
zylia	60	null	0	18	18	ISI	1414	47.09114	TRUE	null	(1.65, 1.25, 2.21)	(0.96, 0.57, -0.96)	(1.61, 97.05, 303.98)	(0.99, -0.03, -0.12)	(1.65, 1.25, 2.21)	3.298999	108.6751	67.75717	-84.96609	0	26.79378	-11.33432	-24.27839	0	0	0	0
zylia	60	null	0	18	18	ISI	1415	47.1239	TRUE	null	(1.65, 1.25, 2.21)	(0.96, 0.57, -0.96)	(1.61, 97.05, 304.01)	(0.99, -0.03, -0.12)	(1.65, 1.25, 2.21)	3.298986	108.6639	67.74352	-84.96265	0	26.79378	-11.33437	-24.27836	0	0	0	0
zylia	60	null	0	18	18	ISI	1416	47.15677	TRUE	null	(1.65, 1.25, 2.21)	(0.96, 0.57, -0.96)	(1.61, 97.05, 303.98)	(0.99, -0.03, -0.12)	(1.65, 1.25, 2.21)	3.298981	108.6717	67.75282	-84.9652	0	26.79391	-11.33461	-24.27839	0	0	0	0
zylia	60	null	0	18	18	ISI	1417	47.19077	TRUE	null	(1.65, 1.25, 2.21)	(0.96, 0.57, -0.96)	(1.61, 97.06, 303.97)	(0.99, -0.03, -0.12)	(1.65, 1.25, 2.21)	3.298998	108.696	67.78227	-84.97289	0	26.79397	-11.33501	-24.27827	0	0	0	0
zylia	60	null	0	18	18	ISI	1418	47.22408	TRUE	null	(1.65, 1.25, 2.21)	(0.96, 0.57, -0.96)	(1.60, 97.08, 303.99)	(0.99, -0.03, -0.12)	(1.65, 1.25, 2.21)	3.299005	108.75	67.84792	-84.98951	0	26.79205	-11.33432	-24.27647	0	0	0	0
zylia	60	null	0	18	18	ISI	1419	47.25731	TRUE	null	(1.65, 1.25, 2.21)	(0.96, 0.57, -0.96)	(1.59, 97.08, 303.97)	(0.99, -0.03, -0.12)	(1.65, 1.25, 2.21)	3.299036	108.7423	67.83833	-84.98735	0	26.79218	-11.33399	-24.27678	0	0	0	0
zylia	60	null	0	18	18	ITI	1420	47.29055	TRUE	null	(1.65, 1.25, 2.21)	(0.96, 0.57, -0.96)	(1.61, 97.04, 304.01)	(0.99, -0.03, -0.12)	(1.65, 1.25, 2.21)	3.298994	108.6408	67.71554	-84.95547	0	26.7936	-11.3338	-24.27843	0	0	0	0
zylia	60	null	0	19	19	ITI	1421	47.32374	TRUE	null	(1.65, 1.25, 2.21)	(0.96, 0.57, -0.96)	(1.61, 97.05, 304.00)	(0.99, -0.03, -0.12)	(1.98, 1.73, 1.85)	3.142396	99.34112	61.85159	-77.73698	0	26.77187	-8.980169	-25.22081	0	0	0	0
zylia	60	null	0	19	19	StimOn	1422	47.35715	TRUE	null	(1.65, 1.25, 2.21)	(0.96, 0.57, -0.96)	(1.61, 97.04, 304.02)	(0.99, -0.03, -0.12)	(1.98, 1.73, 1.85)	3.142382	99.33506	61.84612	-77.7336	0	26.7716	-8.979951	-25.22061	0	0	0	0
zylia	60	null	0	19	19	StimOn	1423	47.3903	TRUE	null	(1.98, 1.73, 1.85)	(0.96, 0.57, -0.96)	(1.59, 97.06, 304.00)	(0.99, -0.03, -0.12)	(1.98, 1.73, 1.85)	3.142462	99.34555	61.85482	-77.74007	0	26.77128	-8.979776	-25.22033	0	0	0	0
zylia	60	null	0	19	19	StimOn	1424	47.42445	TRUE	null	(1.98, 1.73, 1.85)	(0.96, 0.57, -0.96)	(1.61, 97.05, 304.00)	(0.99, -0.03, -0.12)	(1.98, 1.73, 1.85)	3.142388	99.34097	61.85198	-77.73648	0	26.77142	-8.979929	-25.22042	0	0	0	0
zylia	60	null	0	19	19	StimOn	1425	47.45744	TRUE	null	(1.98, 1.73, 1.85)	(0.96, 0.57, -0.96)	(1.61, 97.05, 304.00)	(0.99, -0.03, -0.12)	(1.98, 1.73, 1.85)	3.142411	99.34217	61.85313	-77.7371	0	26.77169	-8.980061	-25.22067	0	0	0	0
zylia	60	null	0	19	19	StimOn	1426	47.49071	TRUE	null	(1.98, 1.73, 1.85)	(0.96, 0.57, -0.96)	(1.59, 97.07, 303.97)	(0.99, -0.03, -0.12)	(1.98, 1.73, 1.85)	3.142549	99.37929	61.88752	-77.75717	0	26.77016	-8.979689	-25.21918	0	0	0	0
zylia	60	null	0	19	19	StimOn	1427	47.52848	TRUE	null	(1.98, 1.73, 1.85)	(0.96, 0.57, -0.96)	(1.60, 97.07, 303.97)	(0.99, -0.03, -0.12)	(1.98, 1.73, 1.85)	3.142538	99.372	61.88104	-77.75301	0	26.77083	-8.980192	-25.21971	0	0	0	0
zylia	60	null	0	19	19	StimOn	1428	47.55691	TRUE	null	(1.98, 1.73, 1.85)	(0.96, 0.57, -0.96)	(1.61, 97.05, 303.99)	(0.99, -0.03, -0.12)	(1.98, 1.73, 1.85)	3.142416	99.34696	61.85769	-77.7396	0	26.77171	-8.980411	-25.22056	0	0	0	0
zylia	60	null	0	19	19	StimOn	1429	47.59091	TRUE	null	(1.98, 1.73, 1.85)	(0.96, 0.57, -0.96)	(1.62, 97.05, 303.98)	(0.99, -0.03, -0.12)	(1.98, 1.73, 1.85)	3.142414	99.36414	61.87491	-77.74786	0	26.77193	-8.981111	-25.22054	0	0	0	0
zylia	60	null	0	19	19	StimOn	1430	47.62359	TRUE	null	(1.98, 1.73, 1.85)	(0.96, 0.57, -0.96)	(1.61, 97.05, 304.00)	(0.99, -0.03, -0.12)	(1.98, 1.73, 1.85)	3.142389	99.35233	61.86322	-77.74207	0	26.77173	-8.980608	-25.22052	0	0	0	0
zylia	60	null	0	19	19	StimOn	1431	47.65769	TRUE	null	(1.98, 1.73, 1.85)	(0.96, 0.57, -0.96)	(1.61, 97.05, 303.96)	(0.99, -0.03, -0.12)	(1.98, 1.73, 1.85)	3.142409	99.34653	61.85744	-77.73924	0	26.77163	-8.980213	-25.22054	0	0	0	0
zylia	60	null	0	19	19	StimOn	1432	47.69099	TRUE	null	(1.98, 1.73, 1.85)	(0.96, 0.57, -0.96)	(1.61, 97.05, 304.00)	(0.99, -0.03, -0.12)	(1.98, 1.73, 1.85)	3.1424	99.34611	61.85706	-77.73901	0	26.77163	-8.980258	-25.22053	0	0	0	0
zylia	60	null	0	19	19	StimOn	1433	47.72375	TRUE	null	(1.98, 1.73, 1.85)	(0.96, 0.57, -0.96)	(1.62, 97.05, 303.97)	(0.99, -0.03, -0.12)	(1.98, 1.73, 1.85)	3.142457	99.35454	61.86545	-77.7431	0	26.77185	-8.980476	-25.22069	0	0	0	0
zylia	60	null	0	19	19	StimOn	1434	47.75696	TRUE	null	(1.98, 1.73, 1.85)	(0.96, 0.57, -0.96)	(1.61, 97.05, 304.00)	(0.99, -0.03, -0.12)	(1.98, 1.73, 1.85)	3.142419	99.35541	61.86614	-77.74367	0	26.77181	-8.980673	-25.22057	0	0	0	0
zylia	60	null	0	19	19	StimOn	1435	47.79018	TRUE	null	(1.98, 1.73, 1.85)	(0.96, 0.57, -0.96)	(1.61, 97.05, 304.00)	(0.99, -0.03, -0.12)	(1.98, 1.73, 1.85)	3.142399	99.34638	61.85729	-77.73917	0	26.77148	-8.979908	-25.2205	0	0	0	0
zylia	60	null	0	19	19	StimOn	1436	47.82405	TRUE	null	(1.98, 1.73, 1.85)	(0.96, 0.57, -0.96)	(1.61, 97.05, 303.98)	(0.99, -0.03, -0.12)	(1.98, 1.73, 1.85)	3.142442	99.35247	61.86288	-77.74251	0	26.77136	-8.980126	-25.22029	0	0	0	0
zylia	60	null	0	19	19	ISI	1437	47.85732	TRUE	null	(1.98, 1.73, 1.85)	(0.96, 0.57, -0.96)	(1.62, 97.05, 303.99)	(0.99, -0.03, -0.12)	(1.98, 1.73, 1.85)	3.142394	99.34818	61.85935	-77.73982	0	26.77174	-8.980367	-25.22061	0	0	0	0
zylia	60	null	0	19	19	ISI	1438	47.89025	TRUE	null	(1.98, 1.73, 1.85)	(0.96, 0.57, -0.96)	(1.60, 97.07, 303.96)	(0.99, -0.03, -0.12)	(1.98, 1.73, 1.85)	3.142529	99.37298	61.88182	-77.75364	0	26.77031	-8.979469	-25.21941	0	0	0	0
zylia	60	null	0	19	19	ISI	1439	47.92418	TRUE	null	(1.98, 1.73, 1.85)	(0.96, 0.57, -0.96)	(1.61, 97.05, 303.98)	(0.99, -0.03, -0.12)	(1.98, 1.73, 1.85)	3.142419	99.35258	61.8634	-77.74223	0	26.77156	-8.980323	-25.22044	0	0	0	0
zylia	60	null	0	19	19	ISI	1440	47.95753	TRUE	null	(1.98, 1.73, 1.85)	(0.96, 0.57, -0.96)	(1.61, 97.06, 304.00)	(0.99, -0.03, -0.12)	(1.98, 1.73, 1.85)	3.142467	99.3616	61.87162	-77.74722	0	26.77156	-8.980411	-25.22041	0	0	0	0
zylia	60	null	0	19	19	ISI	1441	47.99093	TRUE	null	(1.98, 1.73, 1.85)	(0.96, 0.57, -0.96)	(1.61, 97.06, 303.98)	(0.99, -0.03, -0.12)	(1.98, 1.73, 1.85)	3.142479	99.3643	61.87397	-77.74879	0	26.77147	-8.980563	-25.22025	0	0	0	0
zylia	60	null	0	19	19	ISI	1442	48.02418	TRUE	null	(1.98, 1.73, 1.85)	(0.96, 0.57, -0.96)	(1.60, 97.07, 304.00)	(0.99, -0.03, -0.12)	(1.98, 1.73, 1.85)	3.142526	99.37342	61.88216	-77.75394	0	26.7702	-8.979579	-25.21925	0	0	0	0
zylia	60	null	0	19	19	ISI	1443	48.05746	TRUE	null	(1.98, 1.73, 1.85)	(0.96, 0.57, -0.96)	(1.61, 97.05, 303.99)	(0.99, -0.03, -0.12)	(1.98, 1.73, 1.85)	3.142439	99.35365	61.86397	-77.74315	0	26.77168	-8.980454	-25.22052	0	0	0	0
zylia	60	null	0	19	19	ISI	1444	48.09086	TRUE	null	(1.98, 1.73, 1.85)	(0.96, 0.57, -0.96)	(1.61, 97.05, 303.99)	(0.99, -0.03, -0.12)	(1.98, 1.73, 1.85)	3.142441	99.35173	61.86206	-77.74222	0	26.77125	-8.979863	-25.22027	0	0	0	0
zylia	60	null	0	19	19	ISI	1445	48.12444	TRUE	null	(1.98, 1.73, 1.85)	(0.96, 0.57, -0.96)	(1.61, 97.06, 303.97)	(0.99, -0.03, -0.12)	(1.98, 1.73, 1.85)	3.142515	99.36919	61.87873	-77.75127	0	26.77192	-8.980673	-25.22069	0	0	0	0
zylia	60	null	0	19	19	ISI	1446	48.15686	TRUE	null	(1.98, 1.73, 1.85)	(0.96, 0.57, -0.96)	(1.62, 97.05, 303.98)	(0.99, -0.03, -0.12)	(1.98, 1.73, 1.85)	3.142435	99.36091	61.8718	-77.7462	0	26.77164	-8.980542	-25.22044	0	0	0	0
zylia	60	null	0	19	19	ISI	1447	48.19017	TRUE	null	(1.98, 1.73, 1.85)	(0.96, 0.57, -0.96)	(1.60, 97.06, 303.98)	(0.99, -0.03, -0.12)	(1.98, 1.73, 1.85)	3.14247	99.35688	61.86646	-77.7453	0	26.7711	-8.980147	-25.22001	0	0	0	0
zylia	60	null	0	19	19	ISI	1448	48.22397	TRUE	null	(1.98, 1.73, 1.85)	(0.96, 0.57, -0.96)	(1.59, 97.07, 303.98)	(0.99, -0.03, -0.12)	(1.98, 1.73, 1.85)	3.142558	99.38	61.88817	-77.75758	0	26.77025	-8.979776	-25.21923	0	0	0	0
zylia	60	null	0	19	19	ISI	1449	48.25771	TRUE	null	(1.98, 1.73, 1.85)	(0.96, 0.57, -0.96)	(1.60, 97.08, 303.99)	(0.99, -0.03, -0.12)	(1.98, 1.73, 1.85)	3.142565	99.38895	61.8972	-77.76181	0	26.76984	-8.979689	-25.21883	0	0	0	0
zylia	60	null	0	19	19	ISI	1450	48.29071	TRUE	null	(1.98, 1.73, 1.85)	(0.96, 0.57, -0.96)	(1.62, 97.05, 304.00)	(0.99, -0.03, -0.12)	(1.98, 1.73, 1.85)	3.142427	99.36036	61.87143	-77.74579	0	26.77167	-8.980761	-25.22039	0	0	0	0
zylia	60	null	0	19	19	ISI	1451	48.32435	TRUE	null	(1.98, 1.73, 1.85)	(0.96, 0.57, -0.96)	(1.61, 97.05, 303.97)	(0.99, -0.03, -0.12)	(1.98, 1.73, 1.85)	3.142399	99.35284	61.86359	-77.74242	0	26.77176	-8.980542	-25.22056	0	0	0	0
zylia	60	null	0	19	19	ISI	1452	48.35706	TRUE	null	(1.98, 1.73, 1.85)	(0.96, 0.57, -0.96)	(1.61, 97.05, 303.97)	(0.99, -0.03, -0.12)	(1.98, 1.73, 1.85)	3.142438	99.35801	61.86864	-77.745	0	26.77167	-8.98052	-25.22048	0	0	0	0
zylia	60	null	0	19	19	ISI	1453	48.39096	TRUE	null	(1.98, 1.73, 1.85)	(0.96, 0.57, -0.96)	(1.61, 97.06, 303.98)	(0.99, -0.03, -0.12)	(1.98, 1.73, 1.85)	3.14246	99.36591	61.87586	-77.74935	0	26.77203	-8.981089	-25.22065	0	0	0	0
zylia	60	null	0	19	19	ISI	1454	48.42417	TRUE	null	(1.98, 1.73, 1.85)	(0.96, 0.57, -0.96)	(1.60, 97.07, 303.97)	(0.99, -0.03, -0.12)	(1.98, 1.73, 1.85)	3.142466	99.36742	61.8764	-77.75084	0	26.76972	-8.979951	-25.21861	0	0	0	0
zylia	60	null	0	19	19	ISI	1455	48.45678	TRUE	null	(1.98, 1.73, 1.85)	(0.96, 0.57, -0.96)	(1.61, 97.05, 304.01)	(0.99, -0.03, -0.12)	(1.98, 1.73, 1.85)	3.142383	99.34155	61.85276	-77.7366	0	26.7717	-8.980083	-25.22067	0	0	0	0
zylia	60	null	0	19	19	ISI	1456	48.4902	TRUE	null	(1.98, 1.73, 1.85)	(0.96, 0.57, -0.96)	(1.61, 97.05, 304.00)	(0.99, -0.03, -0.12)	(1.98, 1.73, 1.85)	3.142367	99.34379	61.85477	-77.73785	0	26.77174	-8.980345	-25.22061	0	0	0	0
zylia	60	null	0	19	19	ISI	1457	48.52396	TRUE	null	(1.98, 1.73, 1.85)	(0.96, 0.57, -0.96)	(1.61, 97.05, 303.98)	(0.99, -0.03, -0.12)	(1.98, 1.73, 1.85)	3.142405	99.35181	61.86266	-77.74183	0	26.77164	-8.980389	-25.22049	0	0	0	0
zylia	60	null	0	19	19	ISI	1458	48.55667	TRUE	null	(1.98, 1.73, 1.85)	(0.96, 0.57, -0.96)	(1.61, 97.05, 303.99)	(0.99, -0.03, -0.12)	(1.98, 1.73, 1.85)	3.142405	99.35014	61.8606	-77.74134	0	26.77118	-8.979995	-25.22014	0	0	0	0
zylia	60	null	0	19	19	ISI	1459	48.5906	TRUE	null	(1.98, 1.73, 1.85)	(0.96, 0.57, -0.96)	(1.60, 97.07, 303.99)	(0.99, -0.03, -0.12)	(1.98, 1.73, 1.85)	3.142545	99.38093	61.88939	-77.75777	0	26.77009	-8.979995	-25.21899	0	0	0	0
zylia	60	null	0	19	19	ISI	1460	48.62389	TRUE	null	(1.98, 1.73, 1.85)	(0.96, 0.57, -0.96)	(1.60, 97.08, 304.00)	(0.99, -0.03, -0.12)	(1.98, 1.73, 1.85)	3.142526	99.3885	61.89734	-77.76113	0	26.76946	-8.979951	-25.21834	0	0	0	0
zylia	60	null	0	19	19	ISI	1461	48.65703	TRUE	null	(1.98, 1.73, 1.85)	(0.96, 0.57, -0.96)	(1.60, 97.07, 303.98)	(0.99, -0.03, -0.12)	(1.98, 1.73, 1.85)	3.142513	99.37419	61.88318	-77.75411	0	26.7708	-8.980345	-25.21962	0	0	0	0
zylia	60	null	0	19	19	ISI	1462	48.69047	TRUE	null	(1.98, 1.73, 1.85)	(0.96, 0.57, -0.96)	(1.60, 97.06, 303.97)	(0.99, -0.03, -0.12)	(1.98, 1.73, 1.85)	3.142472	99.35867	61.86833	-77.7461	0	26.77098	-8.979797	-25.22001	0	0	0	0
zylia	60	null	0	19	19	ISI	1463	48.72289	TRUE	null	(1.98, 1.73, 1.85)	(0.96, 0.57, -0.96)	(1.61, 97.05, 304.02)	(0.99, -0.03, -0.12)	(1.98, 1.73, 1.85)	3.142399	99.34541	61.85637	-77.73867	0	26.77175	-8.980367	-25.22062	0	0	0	0
zylia	60	null	0	19	19	ISI	1464	48.75714	TRUE	null	(1.98, 1.73, 1.85)	(0.96, 0.57, -0.96)	(1.61, 97.05, 304.01)	(0.99, -0.03, -0.12)	(1.98, 1.73, 1.85)	3.142416	99.34536	61.85602	-77.73888	0	26.77167	-8.980083	-25.22064	0	0	0	0
zylia	60	null	0	19	19	ISI	1465	48.79079	TRUE	null	(1.98, 1.73, 1.85)	(0.96, 0.57, -0.96)	(1.61, 97.05, 303.99)	(0.99, -0.03, -0.12)	(1.98, 1.73, 1.85)	3.142402	99.35294	61.86354	-77.74258	0	26.77176	-8.980629	-25.22053	0	0	0	0
zylia	60	null	0	19	19	ISI	1466	48.82353	TRUE	null	(1.98, 1.73, 1.85)	(0.96, 0.57, -0.96)	(1.61, 97.05, 303.98)	(0.99, -0.03, -0.12)	(1.98, 1.73, 1.85)	3.142437	99.35561	61.86584	-77.74416	0	26.77149	-8.980301	-25.22036	0	0	0	0
zylia	60	null	0	19	19	ITI	1467	48.8577	TRUE	null	(1.98, 1.73, 1.85)	(0.96, 0.57, -0.96)	(1.61, 97.05, 303.98)	(0.99, -0.03, -0.12)	(1.98, 1.73, 1.85)	3.142415	99.34672	61.85772	-77.73927	0	26.7716	-8.980258	-25.22049	0	0	0	0
zylia	60	null	0	20	20	ITI	1468	48.89076	TRUE	null	(1.98, 1.73, 1.85)	(0.96, 0.57, -0.96)	(1.61, 97.05, 303.98)	(0.99, -0.03, -0.12)	(-1.19, 1.64, -2.22)	2.711066	209.3123	153.0742	142.7583	0	29.34791	-6.289087	28.66614	0	0	0	0
zylia	60	null	0	20	20	StimOn	1469	48.92452	TRUE	null	(1.98, 1.73, 1.85)	(0.96, 0.57, -0.96)	(1.61, 97.05, 303.96)	(0.99, -0.03, -0.12)	(-1.19, 1.64, -2.22)	2.711075	209.3105	153.0748	142.755	0	29.34791	-6.289524	28.66604	0	0	0	0
zylia	60	null	0	20	20	StimOn	1470	48.95705	TRUE	null	(-1.19, 1.64, -2.22)	(0.96, 0.57, -0.96)	(1.60, 97.06, 303.97)	(0.99, -0.03, -0.12)	(-1.19, 1.64, -2.22)	2.711051	209.2993	153.0657	142.7484	0	29.34772	-6.289087	28.66594	0	0	0	0
zylia	60	null	0	20	20	StimOn	1471	48.99068	TRUE	null	(-1.19, 1.64, -2.22)	(0.96, 0.57, -0.96)	(1.59, 97.08, 303.99)	(0.99, -0.03, -0.12)	(-1.19, 1.64, -2.22)	2.711058	209.2683	153.0459	142.7242	0	29.34628	-6.289025	28.66448	0	0	0	0
zylia	60	null	0	20	20	StimOn	1472	49.02379	TRUE	null	(-1.19, 1.64, -2.22)	(0.96, 0.57, -0.96)	(1.61, 97.04, 303.98)	(0.99, -0.03, -0.12)	(-1.19, 1.64, -2.22)	2.711051	209.3139	153.0731	142.7617	0	29.34826	-6.288744	28.66657	0	0	0	0
zylia	60	null	0	20	20	StimOn	1473	49.05736	TRUE	null	(-1.19, 1.64, -2.22)	(0.96, 0.57, -0.96)	(1.62, 97.05, 303.99)	(0.99, -0.03, -0.12)	(-1.19, 1.64, -2.22)	2.711064	209.3138	153.0789	142.7554	0	29.34799	-6.289804	28.66606	0	0	0	0
zylia	60	null	0	20	20	StimOn	1474	49.09046	TRUE	null	(-1.19, 1.64, -2.22)	(0.96, 0.57, -0.96)	(1.61, 97.05, 303.98)	(0.99, -0.03, -0.12)	(-1.19, 1.64, -2.22)	2.71105	209.3104	153.0736	142.7562	0	29.34845	-6.289461	28.6666	0	0	0	0
zylia	60	null	0	20	20	StimOn	1475	49.12361	TRUE	null	(-1.19, 1.64, -2.22)	(0.96, 0.57, -0.96)	(1.61, 97.05, 304.00)	(0.99, -0.03, -0.12)	(-1.19, 1.64, -2.22)	2.711071	209.3121	153.0763	142.7558	0	29.34798	-6.289773	28.66606	0	0	0	0
zylia	60	null	0	20	20	StimOn	1476	49.157	TRUE	null	(-1.19, 1.64, -2.22)	(0.96, 0.57, -0.96)	(1.60, 97.06, 303.97)	(0.99, -0.03, -0.12)	(-1.19, 1.64, -2.22)	2.71106	209.2925	153.0626	142.7418	0	29.34747	-6.289617	28.66557	0	0	0	0
zylia	60	null	0	20	20	StimOn	1477	49.19043	TRUE	null	(-1.19, 1.64, -2.22)	(0.96, 0.57, -0.96)	(1.62, 97.06, 304.00)	(0.99, -0.03, -0.12)	(-1.19, 1.64, -2.22)	2.711062	209.3108	153.0787	142.7513	0	29.34813	-6.290957	28.66594	0	0	0	0
zylia	60	null	0	20	20	StimOn	1478	49.22368	TRUE	null	(-1.19, 1.64, -2.22)	(0.96, 0.57, -0.96)	(1.61, 97.06, 304.01)	(0.99, -0.03, -0.12)	(-1.19, 1.64, -2.22)	2.71107	209.2992	153.0708	142.7427	0	29.34809	-6.290708	28.66596	0	0	0	0
zylia	60	null	0	20	20	StimOn	1479	49.25742	TRUE	null	(-1.19, 1.64, -2.22)	(0.96, 0.57, -0.96)	(1.59, 97.07, 303.98)	(0.99, -0.03, -0.12)	(-1.19, 1.64, -2.22)	2.711029	209.2702	153.0437	142.7292	0	29.34663	-6.288058	28.66505	0	0	0	0
zylia	60	null	0	20	20	StimOn	1480	49.29051	TRUE	null	(-1.19, 1.64, -2.22)	(0.96, 0.57, -0.96)	(1.61, 97.05, 303.99)	(0.99, -0.03, -0.12)	(-1.19, 1.64, -2.22)	2.711054	209.3158	153.0785	142.7588	0	29.3482	-6.28943	28.66636	0	0	0	0
zylia	60	null	0	20	20	StimOn	1481	49.32363	TRUE	null	(-1.19, 1.64, -2.22)	(0.96, 0.57, -0.96)	(1.61, 97.05, 304.00)	(0.99, -0.03, -0.12)	(-1.19, 1.64, -2.22)	2.711047	209.3119	153.0735	142.7584	0	29.3481	-6.287965	28.66657	0	0	0	0
zylia	60	null	0	20	20	StimOn	1482	49.3569	TRUE	null	(-1.19, 1.64, -2.22)	(0.96, 0.57, -0.96)	(1.61, 97.05, 303.98)	(0.99, -0.03, -0.12)	(-1.19, 1.64, -2.22)	2.711064	209.3126	153.0742	142.7587	0	29.34824	-6.289149	28.66646	0	0	0	0
zylia	60	null	0	20	20	StimOn	1483	49.39124	TRUE	null	(-1.19, 1.64, -2.22)	(0.96, 0.57, -0.96)	(1.62, 97.05, 304.00)	(0.99, -0.03, -0.12)	(-1.19, 1.64, -2.22)	2.711069	209.3103	153.078	142.7514	0	29.34769	-6.290802	28.66553	0	0	0	0
zylia	60	null	0	20	20	StimOn	1484	49.42355	TRUE	null	(-1.19, 1.64, -2.22)	(0.96, 0.57, -0.96)	(1.60, 97.06, 303.97)	(0.99, -0.03, -0.12)	(-1.19, 1.64, -2.22)	2.711053	209.295	153.0647	142.7431	0	29.3476	-6.289586	28.6657	0	0	0	0
zylia	60	null	0	20	20	ISI	1485	49.45753	TRUE	null	(-1.19, 1.64, -2.22)	(0.96, 0.57, -0.96)	(1.61, 97.04, 303.99)	(0.99, -0.03, -0.12)	(-1.19, 1.64, -2.22)	2.71105	209.3153	153.0747	142.7621	0	29.34843	-6.289118	28.66666	0	0	0	0
zylia	60	null	0	20	20	ISI	1486	49.49057	TRUE	null	(-1.19, 1.64, -2.22)	(0.96, 0.57, -0.96)	(1.61, 97.05, 303.97)	(0.99, -0.03, -0.12)	(-1.19, 1.64, -2.22)	2.711064	209.3117	153.0776	142.7538	0	29.348	-6.289929	28.66604	0	0	0	0
zylia	60	null	0	20	20	ISI	1487	49.52417	TRUE	null	(-1.19, 1.64, -2.22)	(0.96, 0.57, -0.96)	(1.62, 97.05, 303.99)	(0.99, -0.03, -0.12)	(-1.19, 1.64, -2.22)	2.711061	209.3136	153.0807	142.7532	0	29.34785	-6.290459	28.66577	0	0	0	0
zylia	60	null	0	20	20	ISI	1488	49.55754	TRUE	null	(-1.19, 1.64, -2.22)	(0.96, 0.57, -0.96)	(1.61, 97.05, 303.99)	(0.99, -0.03, -0.12)	(-1.19, 1.64, -2.22)	2.71106	209.3125	153.0771	142.7555	0	29.34803	-6.290303	28.66599	0	0	0	0
zylia	60	null	0	20	20	ISI	1489	49.59102	TRUE	null	(-1.19, 1.64, -2.22)	(0.96, 0.57, -0.96)	(1.61, 97.05, 303.99)	(0.99, -0.03, -0.12)	(-1.19, 1.64, -2.22)	2.711063	209.3119	153.0742	142.7577	0	29.34811	-6.288962	28.66636	0	0	0	0
zylia	60	null	0	20	20	ISI	1490	49.62417	TRUE	null	(-1.19, 1.64, -2.22)	(0.96, 0.57, -0.96)	(1.61, 97.05, 303.97)	(0.99, -0.03, -0.12)	(-1.19, 1.64, -2.22)	2.711053	209.3107	153.0748	142.7553	0	29.34811	-6.289648	28.66622	0	0	0	0
zylia	60	null	0	20	20	ISI	1491	49.65723	TRUE	null	(-1.19, 1.64, -2.22)	(0.96, 0.57, -0.96)	(1.59, 97.08, 303.97)	(0.99, -0.03, -0.12)	(-1.19, 1.64, -2.22)	2.711055	209.2678	153.0458	142.7235	0	29.34598	-6.288682	28.66425	0	0	0	0
zylia	60	null	0	20	20	ISI	1492	49.69097	TRUE	null	(-1.19, 1.64, -2.22)	(0.96, 0.57, -0.96)	(1.61, 97.05, 303.98)	(0.99, -0.03, -0.12)	(-1.19, 1.64, -2.22)	2.711053	209.3077	153.0708	142.7551	0	29.34781	-6.289212	28.666	0	0	0	0
zylia	60	null	0	20	20	ISI	1493	49.72357	TRUE	null	(-1.19, 1.64, -2.22)	(0.96, 0.57, -0.96)	(1.61, 97.05, 303.97)	(0.99, -0.03, -0.12)	(-1.19, 1.64, -2.22)	2.711049	209.3049	153.0712	142.7506	0	29.34768	-6.289648	28.66577	0	0	0	0
zylia	60	null	0	20	20	ISI	1494	49.75683	TRUE	null	(-1.19, 1.64, -2.22)	(0.96, 0.57, -0.96)	(1.61, 97.05, 303.97)	(0.99, -0.03, -0.12)	(-1.19, 1.64, -2.22)	2.711055	209.3051	153.0718	142.7503	0	29.34751	-6.289555	28.66562	0	0	0	0
zylia	60	null	0	20	20	ITI	1495	49.79074	TRUE	null	(-1.19, 1.64, -2.22)	(0.96, 0.57, -0.96)	(1.60, 97.07, 303.98)	(0.99, -0.03, -0.12)	(-1.19, 1.64, -2.22)	2.711054	209.2773	153.0539	142.7288	0	29.34647	-6.289212	28.66463	0	0	0	0
zylia	60	null	0	21	21	ITI	1496	49.82508	TRUE	null	(-1.19, 1.64, -2.22)	(0.96, 0.57, -0.96)	(1.60, 97.07, 303.98)	(0.99, -0.03, -0.12)	(-1.48, 2.07, -1.89)	3.015911	212.7402	148.5097	152.3262	0	27.48462	-6.887975	26.60752	0	0	0	0
zylia	60	null	0	21	21	StimOn	1497	49.85717	TRUE	null	(-1.19, 1.64, -2.22)	(0.96, 0.57, -0.96)	(1.61, 97.05, 304.00)	(0.99, -0.03, -0.12)	(-1.48, 2.07, -1.89)	3.015921	212.7764	148.532	152.3549	0	27.48727	-6.888687	26.61007	0	0	0	0
zylia	60	null	0	21	21	StimOn	1498	49.8903	TRUE	null	(-1.48, 2.07, -1.89)	(0.96, 0.57, -0.96)	(1.61, 97.06, 303.99)	(0.99, -0.03, -0.12)	(-1.48, 2.07, -1.89)	3.015937	212.7634	148.5225	152.3461	0	27.48704	-6.88789	26.61004	0	0	0	0
zylia	60	null	0	21	21	StimOn	1499	49.92361	TRUE	null	(-1.48, 2.07, -1.89)	(0.96, 0.57, -0.96)	(1.61, 97.06, 303.98)	(0.99, -0.03, -0.12)	(-1.48, 2.07, -1.89)	3.015927	212.7676	148.527	152.3476	0	27.48701	-6.888488	26.60986	0	0	0	0
zylia	60	null	0	21	21	StimOn	1500	49.95711	TRUE	null	(-1.48, 2.07, -1.89)	(0.96, 0.57, -0.96)	(1.61, 97.05, 304.00)	(0.99, -0.03, -0.12)	(-1.48, 2.07, -1.89)	3.01592	212.7787	148.5338	152.3565	0	27.48749	-6.888545	26.61034	0	0	0	0
zylia	60	null	0	21	21	StimOn	1501	49.99061	TRUE	null	(-1.48, 2.07, -1.89)	(0.96, 0.57, -0.96)	(1.61, 97.06, 304.00)	(0.99, -0.03, -0.12)	(-1.48, 2.07, -1.89)	3.015941	212.766	148.5264	152.3459	0	27.48658	-6.88863	26.60937	0	0	0	0
zylia	60	null	0	21	21	StimOn	1502	50.02364	TRUE	null	(-1.48, 2.07, -1.89)	(0.96, 0.57, -0.96)	(1.60, 97.06, 303.97)	(0.99, -0.03, -0.12)	(-1.48, 2.07, -1.89)	3.015924	212.753	148.5172	152.3367	0	27.48635	-6.888288	26.60923	0	0	0	0
zylia	60	null	0	21	21	StimOn	1503	50.05737	TRUE	null	(-1.48, 2.07, -1.89)	(0.96, 0.57, -0.96)	(1.60, 97.06, 303.98)	(0.99, -0.03, -0.12)	(-1.48, 2.07, -1.89)	3.015924	212.7593	148.5195	152.3433	0	27.48714	-6.888089	26.61009	0	0	0	0
zylia	60	null	0	21	21	StimOn	1504	50.09062	TRUE	null	(-1.48, 2.07, -1.89)	(0.96, 0.57, -0.96)	(1.61, 97.05, 303.99)	(0.99, -0.03, -0.12)	(-1.48, 2.07, -1.89)	3.015915	212.7765	148.5337	152.3535	0	27.48689	-6.889314	26.60952	0	0	0	0
zylia	60	null	0	21	21	StimOn	1505	50.12563	TRUE	null	(-1.48, 2.07, -1.89)	(0.96, 0.57, -0.96)	(1.61, 97.06, 303.99)	(0.99, -0.03, -0.12)	(-1.48, 2.07, -1.89)	3.015919	212.7693	148.5302	152.3468	0	27.4867	-6.888659	26.60949	0	0	0	0
zylia	60	null	0	21	21	StimOn	1506	50.1577	TRUE	null	(-1.48, 2.07, -1.89)	(0.96, 0.57, -0.96)	(1.60, 97.06, 303.99)	(0.99, -0.03, -0.12)	(-1.48, 2.07, -1.89)	3.015923	212.7548	148.5163	152.3402	0	27.48646	-6.887975	26.60942	0	0	0	0
zylia	60	null	0	21	21	StimOn	1507	50.19034	TRUE	null	(-1.48, 2.07, -1.89)	(0.96, 0.57, -0.96)	(1.61, 97.06, 303.96)	(0.99, -0.03, -0.12)	(-1.48, 2.07, -1.89)	3.01592	212.7638	148.5282	152.3411	0	27.48678	-6.889371	26.60939	0	0	0	0
zylia	60	null	0	21	21	StimOn	1508	50.22431	TRUE	null	(-1.48, 2.07, -1.89)	(0.96, 0.57, -0.96)	(1.61, 97.05, 303.98)	(0.99, -0.03, -0.12)	(-1.48, 2.07, -1.89)	3.015941	212.7742	148.5313	152.3525	0	27.48676	-6.888545	26.60958	0	0	0	0
zylia	60	null	0	21	21	StimOn	1509	50.25695	TRUE	null	(-1.48, 2.07, -1.89)	(0.96, 0.57, -0.96)	(1.60, 97.07, 303.98)	(0.99, -0.03, -0.12)	(-1.48, 2.07, -1.89)	3.015921	212.7407	148.5102	152.3264	0	27.48549	-6.888032	26.6084	0	0	0	0
zylia	60	null	0	21	21	StimOn	1510	50.29017	TRUE	null	(-1.48, 2.07, -1.89)	(0.96, 0.57, -0.96)	(1.62, 97.05, 304.00)	(0.99, -0.03, -0.12)	(-1.48, 2.07, -1.89)	3.015926	212.7722	148.5328	152.3484	0	27.48691	-6.889684	26.60945	0	0	0	0
zylia	60	null	0	21	21	StimOn	1511	50.32425	TRUE	null	(-1.48, 2.07, -1.89)	(0.96, 0.57, -0.96)	(1.62, 97.05, 304.01)	(0.99, -0.03, -0.12)	(-1.48, 2.07, -1.89)	3.015928	212.7748	148.5338	152.3509	0	27.48686	-6.888858	26.60961	0	0	0	0
zylia	60	null	0	21	21	StimOn	1512	50.35689	TRUE	null	(-1.48, 2.07, -1.89)	(0.96, 0.57, -0.96)	(1.61, 97.06, 304.00)	(0.99, -0.03, -0.12)	(-1.48, 2.07, -1.89)	3.015918	212.7671	148.5276	152.3463	0	27.48702	-6.888118	26.60996	0	0	0	0
zylia	60	null	0	21	21	ISI	1513	50.39029	TRUE	null	(-1.48, 2.07, -1.89)	(0.96, 0.57, -0.96)	(1.62, 97.05, 304.00)	(0.99, -0.03, -0.12)	(-1.48, 2.07, -1.89)	3.015926	212.777	148.5334	152.3545	0	27.48701	-6.888346	26.6099	0	0	0	0
zylia	60	null	0	21	21	ISI	1514	50.42414	TRUE	null	(-1.48, 2.07, -1.89)	(0.96, 0.57, -0.96)	(1.62, 97.05, 303.99)	(0.99, -0.03, -0.12)	(-1.48, 2.07, -1.89)	3.015926	212.7759	148.5339	152.3525	0	27.48699	-6.888687	26.60978	0	0	0	0
zylia	60	null	0	21	21	ISI	1515	50.45697	TRUE	null	(-1.48, 2.07, -1.89)	(0.96, 0.57, -0.96)	(1.60, 97.06, 303.99)	(0.99, -0.03, -0.12)	(-1.48, 2.07, -1.89)	3.015927	212.7532	148.5151	152.3391	0	27.48615	-6.887776	26.60916	0	0	0	0
zylia	60	null	0	21	21	ISI	1516	50.49077	TRUE	null	(-1.48, 2.07, -1.89)	(0.96, 0.57, -0.96)	(1.61, 97.06, 304.00)	(0.99, -0.03, -0.12)	(-1.48, 2.07, -1.89)	3.015929	212.7651	148.5244	152.3466	0	27.48696	-6.888118	26.6099	0	0	0	0
zylia	60	null	0	21	21	ISI	1517	50.52401	TRUE	null	(-1.48, 2.07, -1.89)	(0.96, 0.57, -0.96)	(1.61, 97.06, 303.99)	(0.99, -0.03, -0.12)	(-1.48, 2.07, -1.89)	3.015918	212.7635	148.5259	152.3429	0	27.48678	-6.888886	26.60952	0	0	0	0
zylia	60	null	0	21	21	ISI	1518	50.55959	TRUE	null	(-1.48, 2.07, -1.89)	(0.96, 0.57, -0.96)	(1.61, 97.05, 303.99)	(0.99, -0.03, -0.12)	(-1.48, 2.07, -1.89)	3.015924	212.7732	148.5315	152.3509	0	27.48659	-6.888972	26.60929	0	0	0	0
zylia	60	null	0	21	21	ISI	1519	50.59034	TRUE	null	(-1.48, 2.07, -1.89)	(0.96, 0.57, -0.96)	(1.61, 97.05, 304.00)	(0.99, -0.03, -0.12)	(-1.48, 2.07, -1.89)	3.015929	212.7763	148.5308	152.356	0	27.4871	-6.888317	26.60999	0	0	0	0
zylia	60	null	0	21	21	ISI	1520	50.62383	TRUE	null	(-1.48, 2.07, -1.89)	(0.96, 0.57, -0.96)	(1.61, 97.05, 303.98)	(0.99, -0.03, -0.12)	(-1.48, 2.07, -1.89)	3.015932	212.775	148.5277	152.3572	0	27.48721	-6.887491	26.61032	0	0	0	0
zylia	60	null	0	21	21	ISI	1521	50.6576	TRUE	null	(-1.48, 2.07, -1.89)	(0.96, 0.57, -0.96)	(1.61, 97.05, 304.01)	(0.99, -0.03, -0.12)	(-1.48, 2.07, -1.89)	3.015933	212.772	148.5278	152.3529	0	27.4871	-6.88826	26.61	0	0	0	0
zylia	60	null	0	21	21	ISI	1522	50.6907	TRUE	null	(-1.48, 2.07, -1.89)	(0.96, 0.57, -0.96)	(1.61, 97.05, 303.99)	(0.99, -0.03, -0.12)	(-1.48, 2.07, -1.89)	3.015934	212.768	148.5271	152.3481	0	27.48695	-6.888602	26.60976	0	0	0	0
zylia	60	null	0	21	21	ISI	1523	50.72364	TRUE	null	(-1.48, 2.07, -1.89)	(0.96, 0.57, -0.96)	(1.60, 97.07, 303.95)	(0.99, -0.03, -0.12)	(-1.48, 2.07, -1.89)	3.015925	212.7397	148.5099	152.3252	0	27.48645	-6.888886	26.60917	0	0	0	0
zylia	60	null	0	21	21	ISI	1524	50.75697	TRUE	null	(-1.48, 2.07, -1.89)	(0.96, 0.57, -0.96)	(1.60, 97.07, 303.97)	(0.99, -0.03, -0.12)	(-1.48, 2.07, -1.89)	3.015913	212.7424	148.5085	152.3305	0	27.48666	-6.888118	26.60959	0	0	0	0
zylia	60	null	0	21	21	ISI	1525	50.79101	TRUE	null	(-1.48, 2.07, -1.89)	(0.96, 0.57, -0.96)	(1.60, 97.07, 303.98)	(0.99, -0.03, -0.12)	(-1.48, 2.07, -1.89)	3.01592	212.742	148.5109	152.3275	0	27.48539	-6.888288	26.60823	0	0	0	0
zylia	60	null	0	21	21	ISI	1526	50.82406	TRUE	null	(-1.48, 2.07, -1.89)	(0.96, 0.57, -0.96)	(1.61, 97.05, 303.98)	(0.99, -0.03, -0.12)	(-1.48, 2.07, -1.89)	3.015924	212.7755	148.5315	152.3542	0	27.48708	-6.88863	26.6099	0	0	0	0
zylia	60	null	0	21	21	ISI	1527	50.85699	TRUE	null	(-1.48, 2.07, -1.89)	(0.96, 0.57, -0.96)	(1.62, 97.05, 303.98)	(0.99, -0.03, -0.12)	(-1.48, 2.07, -1.89)	3.015918	212.7761	148.5346	152.3521	0	27.48721	-6.888886	26.60996	0	0	0	0
zylia	60	null	0	21	21	ISI	1528	50.8908	TRUE	null	(-1.48, 2.07, -1.89)	(0.96, 0.57, -0.96)	(1.62, 97.05, 303.99)	(0.99, -0.03, -0.12)	(-1.48, 2.07, -1.89)	3.015914	212.7789	148.5363	152.3543	0	27.48717	-6.888772	26.60994	0	0	0	0
zylia	60	null	0	21	21	ISI	1529	50.92361	TRUE	null	(-1.48, 2.07, -1.89)	(0.96, 0.57, -0.96)	(1.61, 97.05, 304.00)	(0.99, -0.03, -0.12)	(-1.48, 2.07, -1.89)	3.015919	212.7755	148.5286	152.3571	0	27.48712	-6.887918	26.61012	0	0	0	0
zylia	60	null	0	21	21	ISI	1530	50.95732	TRUE	null	(-1.48, 2.07, -1.89)	(0.96, 0.57, -0.96)	(1.61, 97.06, 303.96)	(0.99, -0.03, -0.12)	(-1.48, 2.07, -1.89)	3.015932	212.7648	148.5256	152.345	0	27.48677	-6.888516	26.6096	0	0	0	0
zylia	60	null	0	21	21	ISI	1531	50.9906	TRUE	null	(-1.48, 2.07, -1.89)	(0.96, 0.57, -0.96)	(1.60, 97.06, 303.98)	(0.99, -0.03, -0.12)	(-1.48, 2.07, -1.89)	3.015918	212.753	148.5184	152.3356	0	27.48661	-6.889029	26.6093	0	0	0	0
zylia	60	null	0	21	21	ISI	1532	51.02361	TRUE	null	(-1.48, 2.07, -1.89)	(0.96, 0.57, -0.96)	(1.60, 97.07, 304.01)	(0.99, -0.03, -0.12)	(-1.48, 2.07, -1.89)	3.015932	212.7509	148.5177	152.3333	0	27.4861	-6.888175	26.609	0	0	0	0
zylia	60	null	0	21	21	ISI	1533	51.05743	TRUE	null	(-1.48, 2.07, -1.89)	(0.96, 0.57, -0.96)	(1.60, 97.06, 304.00)	(0.99, -0.03, -0.12)	(-1.48, 2.07, -1.89)	3.015921	212.7513	148.5137	152.3378	0	27.48678	-6.887805	26.6098	0	0	0	0
zylia	60	null	0	21	21	ISI	1534	51.09025	TRUE	null	(-1.48, 2.07, -1.89)	(0.96, 0.57, -0.96)	(1.60, 97.05, 304.00)	(0.99, -0.03, -0.12)	(-1.48, 2.07, -1.89)	3.015929	212.7673	148.5219	152.3521	0	27.48662	-6.887378	26.60975	0	0	0	0
zylia	60	null	0	21	21	ISI	1535	51.12423	TRUE	null	(-1.48, 2.07, -1.89)	(0.96, 0.57, -0.96)	(1.60, 97.06, 303.97)	(0.99, -0.03, -0.12)	(-1.48, 2.07, -1.89)	3.015919	212.7507	148.5154	152.3353	0	27.48619	-6.887918	26.60916	0	0	0	0
zylia	60	null	0	21	21	ISI	1536	51.15685	TRUE	null	(-1.48, 2.07, -1.89)	(0.96, 0.57, -0.96)	(1.61, 97.06, 303.99)	(0.99, -0.03, -0.12)	(-1.48, 2.07, -1.89)	3.015931	212.7646	148.527	152.3434	0	27.48729	-6.888801	26.61006	0	0	0	0
zylia	60	null	0	21	21	ISI	1537	51.19075	TRUE	null	(-1.48, 2.07, -1.89)	(0.96, 0.57, -0.96)	(1.61, 97.06, 303.99)	(0.99, -0.03, -0.12)	(-1.48, 2.07, -1.89)	3.015929	212.7663	148.5283	152.3445	0	27.48705	-6.888459	26.60991	0	0	0	0
zylia	60	null	0	21	21	ISI	1538	51.22364	TRUE	null	(-1.48, 2.07, -1.89)	(0.96, 0.57, -0.96)	(1.61, 97.06, 303.96)	(0.99, -0.03, -0.12)	(-1.48, 2.07, -1.89)	3.015916	212.765	148.5287	152.3423	0	27.48668	-6.889371	26.60929	0	0	0	0
zylia	60	null	0	21	21	ISI	1539	51.25721	TRUE	null	(-1.48, 2.07, -1.89)	(0.96, 0.57, -0.96)	(1.62, 97.06, 303.96)	(0.99, -0.03, -0.12)	(-1.48, 2.07, -1.89)	3.015915	212.7731	148.5378	152.3447	0	27.48671	-6.889798	26.6092	0	0	0	0
zylia	60	null	0	21	21	ISI	1540	51.29068	TRUE	null	(-1.48, 2.07, -1.89)	(0.96, 0.57, -0.96)	(1.60, 97.06, 303.98)	(0.99, -0.03, -0.12)	(-1.48, 2.07, -1.89)	3.015913	212.7564	148.5198	152.3389	0	27.48687	-6.888801	26.60963	0	0	0	0
zylia	60	null	0	21	21	ISI	1541	51.32359	TRUE	null	(-1.48, 2.07, -1.89)	(0.96, 0.57, -0.96)	(1.61, 97.05, 303.98)	(0.99, -0.03, -0.12)	(-1.48, 2.07, -1.89)	3.015928	212.7679	148.5266	152.3484	0	27.48703	-6.888545	26.60987	0	0	0	0
zylia	60	null	0	21	21	ISI	1542	51.35764	TRUE	null	(-1.48, 2.07, -1.89)	(0.96, 0.57, -0.96)	(1.61, 97.05, 303.98)	(0.99, -0.03, -0.12)	(-1.48, 2.07, -1.89)	3.015939	212.7719	148.5301	152.3505	0	27.48693	-6.888858	26.60968	0	0	0	0
zylia	60	null	0	21	21	ITI	1543	51.39109	TRUE	null	(-1.48, 2.07, -1.89)	(0.96, 0.57, -0.96)	(1.61, 97.05, 303.99)	(0.99, -0.03, -0.12)	(-1.48, 2.07, -1.89)	3.015925	212.7734	148.5322	152.3506	0	27.48699	-6.888915	26.60973	0	0	0	0
zylia	60	null	0	22	22	ITI	1544	51.42372	TRUE	null	(-1.48, 2.07, -1.89)	(0.96, 0.57, -0.96)	(1.61, 97.05, 304.00)	(0.99, -0.03, -0.12)	(-1.90, 1.76, -1.70)	3.185357	223.9515	158.0839	158.6309	0	27.40271	-10.1864	25.43906	0	0	0	0
zylia	60	null	0	22	22	StimOn	1545	51.45675	TRUE	null	(-1.48, 2.07, -1.89)	(0.96, 0.57, -0.96)	(1.61, 97.05, 304.01)	(0.99, -0.03, -0.12)	(-1.90, 1.76, -1.70)	3.185363	223.9575	158.0826	158.6407	0	27.40289	-10.18493	25.43985	0	0	0	0
zylia	60	null	0	22	22	StimOn	1546	51.49099	TRUE	null	(-1.90, 1.76, -1.70)	(0.96, 0.57, -0.96)	(1.60, 97.07, 303.98)	(0.99, -0.03, -0.12)	(-1.90, 1.76, -1.70)	3.185348	223.925	158.0632	158.6141	0	27.40144	-10.18453	25.43844	0	0	0	0
zylia	60	null	0	22	22	StimOn	1547	51.52362	TRUE	null	(-1.90, 1.76, -1.70)	(0.96, 0.57, -0.96)	(1.60, 97.06, 303.99)	(0.99, -0.03, -0.12)	(-1.90, 1.76, -1.70)	3.185351	223.9379	158.0713	158.6242	0	27.40217	-10.18491	25.43908	0	0	0	0
zylia	60	null	0	22	22	StimOn	1548	51.55695	TRUE	null	(-1.90, 1.76, -1.70)	(0.96, 0.57, -0.96)	(1.61, 97.05, 304.01)	(0.99, -0.03, -0.12)	(-1.90, 1.76, -1.70)	3.185368	223.9575	158.0842	158.6391	0	27.40244	-10.18499	25.43933	0	0	0	0
zylia	60	null	0	22	22	StimOn	1549	51.59027	TRUE	null	(-1.90, 1.76, -1.70)	(0.96, 0.57, -0.96)	(1.61, 97.05, 304.00)	(0.99, -0.03, -0.12)	(-1.90, 1.76, -1.70)	3.185363	223.9527	158.0838	158.6327	0	27.40242	-10.18555	25.43908	0	0	0	0
zylia	60	null	0	22	22	StimOn	1550	51.62351	TRUE	null	(-1.90, 1.76, -1.70)	(0.96, 0.57, -0.96)	(1.61, 97.05, 304.00)	(0.99, -0.03, -0.12)	(-1.90, 1.76, -1.70)	3.185364	223.9548	158.0832	158.6362	0	27.40264	-10.18505	25.43952	0	0	0	0
zylia	60	null	0	22	22	StimOn	1551	51.65689	TRUE	null	(-1.90, 1.76, -1.70)	(0.96, 0.57, -0.96)	(1.62, 97.05, 303.99)	(0.99, -0.03, -0.12)	(-1.90, 1.76, -1.70)	3.18536	223.9559	158.0867	158.6343	0	27.40262	-10.18551	25.43932	0	0	0	0
zylia	60	null	0	22	22	StimOn	1552	51.69026	TRUE	null	(-1.90, 1.76, -1.70)	(0.96, 0.57, -0.96)	(1.61, 97.05, 304.01)	(0.99, -0.03, -0.12)	(-1.90, 1.76, -1.70)	3.18536	223.9559	158.0812	158.6399	0	27.40279	-10.18455	25.43989	0	0	0	0
zylia	60	null	0	22	22	StimOn	1553	51.72355	TRUE	null	(-1.90, 1.76, -1.70)	(0.96, 0.57, -0.96)	(1.61, 97.06, 304.00)	(0.99, -0.03, -0.12)	(-1.90, 1.76, -1.70)	3.18537	223.9471	158.0788	158.6298	0	27.40226	-10.1852	25.43906	0	0	0	0
zylia	60	null	0	22	22	StimOn	1554	51.75755	TRUE	null	(-1.90, 1.76, -1.70)	(0.96, 0.57, -0.96)	(1.60, 97.06, 303.98)	(0.99, -0.03, -0.12)	(-1.90, 1.76, -1.70)	3.185339	223.9348	158.0699	158.6213	0	27.40252	-10.18507	25.43938	0	0	0	0
zylia	60	null	0	22	22	StimOn	1555	51.79084	TRUE	null	(-1.90, 1.76, -1.70)	(0.96, 0.57, -0.96)	(1.61, 97.05, 303.99)	(0.99, -0.03, -0.12)	(-1.90, 1.76, -1.70)	3.185353	223.9469	158.0783	158.6299	0	27.40206	-10.18493	25.43895	0	0	0	0
zylia	60	null	0	22	22	StimOn	1556	51.82433	TRUE	null	(-1.90, 1.76, -1.70)	(0.96, 0.57, -0.96)	(1.61, 97.05, 304.00)	(0.99, -0.03, -0.12)	(-1.90, 1.76, -1.70)	3.185356	223.9515	158.084	158.6307	0	27.40246	-10.18553	25.43914	0	0	0	0
zylia	60	null	0	22	22	StimOn	1557	51.85711	TRUE	null	(-1.90, 1.76, -1.70)	(0.96, 0.57, -0.96)	(1.60, 97.06, 303.98)	(0.99, -0.03, -0.12)	(-1.90, 1.76, -1.70)	3.185358	223.9359	158.0689	158.6237	0	27.40191	-10.18464	25.4389	0	0	0	0
zylia	60	null	0	22	22	StimOn	1558	51.89018	TRUE	null	(-1.90, 1.76, -1.70)	(0.96, 0.57, -0.96)	(1.60, 97.07, 303.96)	(0.99, -0.03, -0.12)	(-1.90, 1.76, -1.70)	3.185351	223.9204	158.0608	158.6099	0	27.40144	-10.18459	25.43842	0	0	0	0
zylia	60	null	0	22	22	StimOn	1559	51.9244	TRUE	null	(-1.90, 1.76, -1.70)	(0.96, 0.57, -0.96)	(1.61, 97.06, 303.99)	(0.99, -0.03, -0.12)	(-1.90, 1.76, -1.70)	3.18536	223.9466	158.0801	158.6277	0	27.40275	-10.18555	25.43944	0	0	0	0
zylia	60	null	0	22	22	ISI	1560	51.95712	TRUE	null	(-1.90, 1.76, -1.70)	(0.96, 0.57, -0.96)	(1.61, 97.05, 303.99)	(0.99, -0.03, -0.12)	(-1.90, 1.76, -1.70)	3.185363	223.954	158.0803	158.6379	0	27.40264	-10.18501	25.43954	0	0	0	0
zylia	60	null	0	22	22	ISI	1561	51.99082	TRUE	null	(-1.90, 1.76, -1.70)	(0.96, 0.57, -0.96)	(1.61, 97.06, 303.98)	(0.99, -0.03, -0.12)	(-1.90, 1.76, -1.70)	3.185354	223.9444	158.0802	158.6246	0	27.40246	-10.1858	25.43904	0	0	0	0
zylia	60	null	0	22	22	ISI	1562	52.02431	TRUE	null	(-1.90, 1.76, -1.70)	(0.96, 0.57, -0.96)	(1.59, 97.08, 303.97)	(0.99, -0.03, -0.12)	(-1.90, 1.76, -1.70)	3.185344	223.912	158.0567	158.6021	0	27.40125	-10.18489	25.43809	0	0	0	0
zylia	60	null	0	22	22	ISI	1563	52.0571	TRUE	null	(-1.90, 1.76, -1.70)	(0.96, 0.57, -0.96)	(1.61, 97.05, 304.01)	(0.99, -0.03, -0.12)	(-1.90, 1.76, -1.70)	3.185354	223.9505	158.0821	158.6311	0	27.40273	-10.18555	25.43943	0	0	0	0
zylia	60	null	0	22	22	ISI	1564	52.09039	TRUE	null	(-1.90, 1.76, -1.70)	(0.96, 0.57, -0.96)	(1.60, 97.06, 303.97)	(0.99, -0.03, -0.12)	(-1.90, 1.76, -1.70)	3.185355	223.9302	158.0663	158.6184	0	27.40174	-10.18478	25.43866	0	0	0	0
zylia	60	null	0	22	22	ISI	1565	52.12438	TRUE	null	(-1.90, 1.76, -1.70)	(0.96, 0.57, -0.96)	(1.61, 97.05, 303.97)	(0.99, -0.03, -0.12)	(-1.90, 1.76, -1.70)	3.185362	223.9491	158.0769	158.6345	0	27.40302	-10.18511	25.43992	0	0	0	0
zylia	60	null	0	22	22	ISI	1566	52.15704	TRUE	null	(-1.90, 1.76, -1.70)	(0.96, 0.57, -0.96)	(1.62, 97.05, 303.99)	(0.99, -0.03, -0.12)	(-1.90, 1.76, -1.70)	3.18536	223.9541	158.086	158.6324	0	27.40249	-10.18567	25.43912	0	0	0	0
zylia	60	null	0	22	22	ISI	1567	52.19038	TRUE	null	(-1.90, 1.76, -1.70)	(0.96, 0.57, -0.96)	(1.61, 97.05, 303.99)	(0.99, -0.03, -0.12)	(-1.90, 1.76, -1.70)	3.185371	223.9541	158.0834	158.635	0	27.40275	-10.18542	25.4395	0	0	0	0
zylia	60	null	0	22	22	ISI	1568	52.22428	TRUE	null	(-1.90, 1.76, -1.70)	(0.96, 0.57, -0.96)	(1.59, 97.07, 303.96)	(0.99, -0.03, -0.12)	(-1.90, 1.76, -1.70)	3.185332	223.9152	158.0563	158.6072	0	27.40143	-10.18457	25.43842	0	0	0	0
zylia	60	null	0	22	22	ITI	1569	52.25774	TRUE	null	(-1.90, 1.76, -1.70)	(0.96, 0.57, -0.96)	(1.61, 97.05, 304.01)	(0.99, -0.03, -0.12)	(-1.90, 1.76, -1.70)	3.18537	223.9552	158.0806	158.6394	0	27.40234	-10.1848	25.4393	0	0	0	0
zylia	60	null	0	23	23	ITI	1570	52.29082	TRUE	null	(-1.90, 1.76, -1.70)	(0.96, 0.57, -0.96)	(1.61, 97.05, 303.98)	(0.99, -0.03, -0.12)	(-2.05, 2.20, -1.27)	3.435222	226.4032	152.6729	167.1807	0	25.63128	-11.4197	22.94674	0	0	0	0
zylia	60	null	0	23	23	StimOn	1571	52.32381	TRUE	null	(-1.90, 1.76, -1.70)	(0.96, 0.57, -0.96)	(1.60, 97.06, 303.98)	(0.99, -0.03, -0.12)	(-2.05, 2.20, -1.27)	3.435213	226.3816	152.6572	167.1658	0	25.63079	-11.41922	22.94644	0	0	0	0
zylia	60	null	0	23	23	StimOn	1572	52.35744	TRUE	null	(-2.05, 2.20, -1.27)	(0.96, 0.57, -0.96)	(1.59, 97.07, 303.98)	(0.99, -0.03, -0.12)	(-2.05, 2.20, -1.27)	3.435196	226.3706	152.6469	167.1604	0	25.6297	-11.41836	22.94564	0	0	0	0
zylia	60	null	0	23	23	StimOn	1573	52.39081	TRUE	null	(-2.05, 2.20, -1.27)	(0.96, 0.57, -0.96)	(1.59, 97.07, 303.98)	(0.99, -0.03, -0.12)	(-2.05, 2.20, -1.27)	3.435203	226.372	152.6497	167.1596	0	25.63011	-11.41868	22.94594	0	0	0	0
zylia	60	null	0	23	23	StimOn	1574	52.42173	TRUE	null	(-2.05, 2.20, -1.27)	(0.96, 0.57, -0.96)	(1.61, 97.05, 303.99)	(0.99, -0.03, -0.12)	(-2.05, 2.20, -1.27)	3.435238	226.4036	152.6686	167.1852	0	25.63139	-11.4188	22.94731	0	0	0	0
zylia	60	null	0	23	23	StimOn	1575	52.45719	TRUE	null	(-2.05, 2.20, -1.27)	(0.96, 0.57, -0.96)	(1.62, 97.05, 304.00)	(0.99, -0.03, -0.12)	(-2.05, 2.20, -1.27)	3.435213	226.4061	152.6777	167.1803	0	25.63108	-11.42006	22.94633	0	0	0	0
zylia	60	null	0	23	23	StimOn	1576	52.49066	TRUE	null	(-2.05, 2.20, -1.27)	(0.96, 0.57, -0.96)	(1.62, 97.05, 303.97)	(0.99, -0.03, -0.12)	(-2.05, 2.20, -1.27)	3.435225	226.4025	152.6739	167.1788	0	25.63165	-11.42025	22.94688	0	0	0	0
zylia	60	null	0	23	23	StimOn	1577	52.52399	TRUE	null	(-2.05, 2.20, -1.27)	(0.96, 0.57, -0.96)	(1.61, 97.05, 303.99)	(0.99, -0.03, -0.12)	(-2.05, 2.20, -1.27)	3.435235	226.3995	152.6674	167.1807	0	25.63122	-11.41941	22.94682	0	0	0	0
zylia	60	null	0	23	23	StimOn	1578	52.55752	TRUE	null	(-2.05, 2.20, -1.27)	(0.96, 0.57, -0.96)	(1.61, 97.05, 303.98)	(0.99, -0.03, -0.12)	(-2.05, 2.20, -1.27)	3.435217	226.398	152.6649	167.181	0	25.63065	-11.41886	22.94646	0	0	0	0
zylia	60	null	0	23	23	StimOn	1579	52.59048	TRUE	null	(-2.05, 2.20, -1.27)	(0.96, 0.57, -0.96)	(1.61, 97.04, 303.99)	(0.99, -0.03, -0.12)	(-2.05, 2.20, -1.27)	3.435232	226.4032	152.6666	167.1865	0	25.63127	-11.41908	22.94703	0	0	0	0
zylia	60	null	0	23	23	StimOn	1580	52.62422	TRUE	null	(-2.05, 2.20, -1.27)	(0.96, 0.57, -0.96)	(1.61, 97.05, 304.00)	(0.99, -0.03, -0.12)	(-2.05, 2.20, -1.27)	3.435228	226.4043	152.6703	167.1846	0	25.63132	-11.41941	22.94693	0	0	0	0
zylia	60	null	0	23	23	StimOn	1581	52.65741	TRUE	null	(-2.05, 2.20, -1.27)	(0.96, 0.57, -0.96)	(1.61, 97.05, 303.98)	(0.99, -0.03, -0.12)	(-2.05, 2.20, -1.27)	3.435222	226.4032	152.6698	167.1835	0	25.63167	-11.41944	22.94731	0	0	0	0
zylia	60	null	0	23	23	StimOn	1582	52.69037	TRUE	null	(-2.05, 2.20, -1.27)	(0.96, 0.57, -0.96)	(1.61, 97.05, 303.98)	(0.99, -0.03, -0.12)	(-2.05, 2.20, -1.27)	3.435235	226.4044	152.6705	167.1846	0	25.63153	-11.41912	22.94731	0	0	0	0
zylia	60	null	0	23	23	StimOn	1583	52.72413	TRUE	null	(-2.05, 2.20, -1.27)	(0.96, 0.57, -0.96)	(1.61, 97.05, 304.02)	(0.99, -0.03, -0.12)	(-2.05, 2.20, -1.27)	3.435226	226.4069	152.6725	167.1862	0	25.6313	-11.41925	22.94698	0	0	0	0
zylia	60	null	0	23	23	StimOn	1584	52.75689	TRUE	null	(-2.05, 2.20, -1.27)	(0.96, 0.57, -0.96)	(1.61, 97.05, 303.96)	(0.99, -0.03, -0.12)	(-2.05, 2.20, -1.27)	3.435222	226.4049	152.6735	167.1826	0	25.63124	-11.41965	22.94672	0	0	0	0
zylia	60	null	0	23	23	StimOn	1585	52.79061	TRUE	null	(-2.05, 2.20, -1.27)	(0.96, 0.57, -0.96)	(1.61, 97.05, 303.99)	(0.99, -0.03, -0.12)	(-2.05, 2.20, -1.27)	3.435236	226.4025	152.6711	167.1814	0	25.63103	-11.41922	22.9467	0	0	0	0
zylia	60	null	0	23	23	ISI	1586	52.82418	TRUE	null	(-2.05, 2.20, -1.27)	(0.96, 0.57, -0.96)	(1.61, 97.05, 304.00)	(0.99, -0.03, -0.12)	(-2.05, 2.20, -1.27)	3.435228	226.4057	152.6733	167.1838	0	25.6314	-11.41943	22.94701	0	0	0	0
zylia	60	null	0	23	23	ISI	1587	52.85677	TRUE	null	(-2.05, 2.20, -1.27)	(0.96, 0.57, -0.96)	(1.61, 97.05, 303.97)	(0.99, -0.03, -0.12)	(-2.05, 2.20, -1.27)	3.435216	226.4035	152.6728	167.1812	0	25.63124	-11.41958	22.94675	0	0	0	0
zylia	60	null	0	23	23	ISI	1588	52.89064	TRUE	null	(-2.05, 2.20, -1.27)	(0.96, 0.57, -0.96)	(1.61, 97.05, 303.99)	(0.99, -0.03, -0.12)	(-2.05, 2.20, -1.27)	3.435229	226.3988	152.6688	167.1785	0	25.63122	-11.41944	22.9468	0	0	0	0
zylia	60	null	0	23	23	ISI	1589	52.92396	TRUE	null	(-2.05, 2.20, -1.27)	(0.96, 0.57, -0.96)	(1.62, 97.05, 304.00)	(0.99, -0.03, -0.12)	(-2.05, 2.20, -1.27)	3.435237	226.4037	152.6743	167.1802	0	25.6308	-11.41925	22.94642	0	0	0	0
zylia	60	null	0	23	23	ISI	1590	52.95701	TRUE	null	(-2.05, 2.20, -1.27)	(0.96, 0.57, -0.96)	(1.61, 97.05, 303.98)	(0.99, -0.03, -0.12)	(-2.05, 2.20, -1.27)	3.435223	226.4022	152.6725	167.1797	0	25.63092	-11.41993	22.94623	0	0	0	0
zylia	60	null	0	23	23	ISI	1591	52.99015	TRUE	null	(-2.05, 2.20, -1.27)	(0.96, 0.57, -0.96)	(1.61, 97.05, 303.98)	(0.99, -0.03, -0.12)	(-2.05, 2.20, -1.27)	3.435219	226.4053	152.6717	167.1847	0	25.63164	-11.4196	22.94719	0	0	0	0
zylia	60	null	0	23	23	ISI	1592	53.02392	TRUE	null	(-2.05, 2.20, -1.27)	(0.96, 0.57, -0.96)	(1.61, 97.05, 303.98)	(0.99, -0.03, -0.12)	(-2.05, 2.20, -1.27)	3.435217	226.4008	152.6722	167.178	0	25.63146	-11.42001	22.94679	0	0	0	0
zylia	60	null	0	23	23	ISI	1593	53.06114	TRUE	null	(-2.05, 2.20, -1.27)	(0.96, 0.57, -0.96)	(1.62, 97.05, 303.98)	(0.99, -0.03, -0.12)	(-2.05, 2.20, -1.27)	3.435211	226.4024	152.6746	167.1781	0	25.63145	-11.42025	22.94666	0	0	0	0
zylia	60	null	0	23	23	ISI	1594	53.09049	TRUE	null	(-2.05, 2.20, -1.27)	(0.96, 0.57, -0.96)	(1.61, 97.06, 303.98)	(0.99, -0.03, -0.12)	(-2.05, 2.20, -1.27)	3.43523	226.3929	152.6642	167.1746	0	25.63082	-11.41905	22.94655	0	0	0	0
zylia	60	null	0	23	23	ISI	1595	53.12403	TRUE	null	(-2.05, 2.20, -1.27)	(0.96, 0.57, -0.96)	(1.61, 97.05, 303.99)	(0.99, -0.03, -0.12)	(-2.05, 2.20, -1.27)	3.435216	226.4043	152.6734	167.1817	0	25.63124	-11.41984	22.94662	0	0	0	0
zylia	60	null	0	23	23	ISI	1596	53.15705	TRUE	null	(-2.05, 2.20, -1.27)	(0.96, 0.57, -0.96)	(1.61, 97.05, 303.99)	(0.99, -0.03, -0.12)	(-2.05, 2.20, -1.27)	3.435227	226.4039	152.6734	167.1813	0	25.63114	-11.41946	22.9467	0	0	0	0
zylia	60	null	0	23	23	ISI	1597	53.19083	TRUE	null	(-2.05, 2.20, -1.27)	(0.96, 0.57, -0.96)	(1.59, 97.08, 303.95)	(0.99, -0.03, -0.12)	(-2.05, 2.20, -1.27)	3.435199	226.363	152.6458	167.1511	0	25.62968	-11.4186	22.9455	0	0	0	0
zylia	60	null	0	23	23	ISI	1598	53.22385	TRUE	null	(-2.05, 2.20, -1.27)	(0.96, 0.57, -0.96)	(1.60, 97.07, 304.00)	(0.99, -0.03, -0.12)	(-2.05, 2.20, -1.27)	3.435199	226.3732	152.6519	167.1593	0	25.63031	-11.41894	22.94604	0	0	0	0
zylia	60	null	0	23	23	ISI	1599	53.25721	TRUE	null	(-2.05, 2.20, -1.27)	(0.96, 0.57, -0.96)	(1.61, 97.05, 303.98)	(0.99, -0.03, -0.12)	(-2.05, 2.20, -1.27)	3.435214	226.4037	152.6727	167.1815	0	25.63154	-11.41987	22.94695	0	0	0	0
zylia	60	null	0	23	23	ISI	1600	53.29076	TRUE	null	(-2.05, 2.20, -1.27)	(0.96, 0.57, -0.96)	(1.62, 97.05, 303.99)	(0.99, -0.03, -0.12)	(-2.05, 2.20, -1.27)	3.435222	226.4044	152.6756	167.18	0	25.63127	-11.41974	22.94671	0	0	0	0
zylia	60	null	0	23	23	ISI	1601	53.32351	TRUE	null	(-2.05, 2.20, -1.27)	(0.96, 0.57, -0.96)	(1.62, 97.06, 303.99)	(0.99, -0.03, -0.12)	(-2.05, 2.20, -1.27)	3.435191	226.3976	152.674	167.1721	0	25.63092	-11.42015	22.94612	0	0	0	0
zylia	60	null	0	23	23	ISI	1602	53.35715	TRUE	null	(-2.05, 2.20, -1.27)	(0.96, 0.57, -0.96)	(1.62, 97.05, 304.01)	(0.99, -0.03, -0.12)	(-2.05, 2.20, -1.27)	3.435227	226.4062	152.6742	167.1835	0	25.63152	-11.41924	22.94724	0	0	0	0
zylia	60	null	0	23	23	ISI	1603	53.39091	TRUE	null	(-2.05, 2.20, -1.27)	(0.96, 0.57, -0.96)	(1.61, 97.06, 303.97)	(0.99, -0.03, -0.12)	(-2.05, 2.20, -1.27)	3.435211	226.3959	152.6684	167.1749	0	25.63103	-11.41949	22.94657	0	0	0	0
zylia	60	null	0	23	23	ISI	1604	53.42355	TRUE	null	(-2.05, 2.20, -1.27)	(0.96, 0.57, -0.96)	(1.62, 97.06, 304.00)	(0.99, -0.03, -0.12)	(-2.05, 2.20, -1.27)	3.435216	226.4003	152.6747	167.1751	0	25.63134	-11.41998	22.94667	0	0	0	0
zylia	60	null	0	23	23	ISI	1605	53.45693	TRUE	null	(-2.05, 2.20, -1.27)	(0.96, 0.57, -0.96)	(1.61, 97.05, 303.99)	(0.99, -0.03, -0.12)	(-2.05, 2.20, -1.27)	3.435225	226.4035	152.6724	167.1816	0	25.63118	-11.41968	22.94664	0	0	0	0
zylia	60	null	0	23	23	ISI	1606	53.49037	TRUE	null	(-2.05, 2.20, -1.27)	(0.96, 0.57, -0.96)	(1.61, 97.05, 303.98)	(0.99, -0.03, -0.12)	(-2.05, 2.20, -1.27)	3.435215	226.3989	152.6713	167.1764	0	25.63128	-11.41991	22.94664	0	0	0	0
zylia	60	null	0	23	23	ISI	1607	53.52382	TRUE	null	(-2.05, 2.20, -1.27)	(0.96, 0.57, -0.96)	(1.62, 97.05, 303.99)	(0.99, -0.03, -0.12)	(-2.05, 2.20, -1.27)	3.435194	226.4039	152.6774	167.1775	0	25.63124	-11.42074	22.94619	0	0	0	0
zylia	60	null	0	23	23	ISI	1608	53.55758	TRUE	null	(-2.05, 2.20, -1.27)	(0.96, 0.57, -0.96)	(1.61, 97.05, 303.99)	(0.99, -0.03, -0.12)	(-2.05, 2.20, -1.27)	3.435235	226.401	152.6691	167.1812	0	25.63087	-11.41917	22.94655	0	0	0	0
zylia	60	null	0	23	23	ISI	1609	53.59127	TRUE	null	(-2.05, 2.20, -1.27)	(0.96, 0.57, -0.96)	(1.61, 97.05, 303.99)	(0.99, -0.03, -0.12)	(-2.05, 2.20, -1.27)	3.435221	226.4055	152.6738	167.183	0	25.63174	-11.41986	22.94718	0	0	0	0
zylia	60	null	0	23	23	ISI	1610	53.62391	TRUE	null	(-2.05, 2.20, -1.27)	(0.96, 0.57, -0.96)	(1.62, 97.05, 303.98)	(0.99, -0.03, -0.12)	(-2.05, 2.20, -1.27)	3.43522	226.401	152.6742	167.1766	0	25.63114	-11.41979	22.94654	0	0	0	0
zylia	60	null	0	23	23	ISI	1611	53.65715	TRUE	null	(-2.05, 2.20, -1.27)	(0.96, 0.57, -0.96)	(1.62, 97.05, 304.00)	(0.99, -0.03, -0.12)	(-2.05, 2.20, -1.27)	3.435211	226.4037	152.6743	167.1801	0	25.63142	-11.41982	22.94683	0	0	0	0
zylia	60	null	0	23	23	ISI	1612	53.69226	TRUE	null	(-2.05, 2.20, -1.27)	(0.96, 0.57, -0.96)	(1.62, 97.05, 303.99)	(0.99, -0.03, -0.12)	(-2.05, 2.20, -1.27)	3.435229	226.4056	152.6767	167.1805	0	25.63152	-11.41939	22.94717	0	0	0	0
zylia	60	null	0	23	23	ISI	1613	53.72246	TRUE	null	(-2.05, 2.20, -1.27)	(0.96, 0.57, -0.96)	(1.61, 97.05, 304.00)	(0.99, -0.03, -0.12)	(-2.05, 2.20, -1.27)	3.435226	226.4033	152.6734	167.1804	0	25.6314	-11.4197	22.94688	0	0	0	0
zylia	60	null	0	23	23	ISI	1614	53.75772	TRUE	null	(-2.05, 2.20, -1.27)	(0.96, 0.57, -0.96)	(1.61, 97.06, 304.00)	(0.99, -0.03, -0.12)	(-2.05, 2.20, -1.27)	3.435217	226.3984	152.6716	167.1755	0	25.63129	-11.41989	22.94666	0	0	0	0
zylia	60	null	0	23	23	ISI	1615	53.79042	TRUE	null	(-2.05, 2.20, -1.27)	(0.96, 0.57, -0.96)	(1.61, 97.05, 303.99)	(0.99, -0.03, -0.12)	(-2.05, 2.20, -1.27)	3.435224	226.4057	152.6718	167.1851	0	25.6312	-11.4193	22.94685	0	0	0	0
zylia	60	null	0	23	23	ITI	1616	53.82427	TRUE	null	(-2.05, 2.20, -1.27)	(0.96, 0.57, -0.96)	(1.61, 97.05, 304.00)	(0.99, -0.03, -0.12)	(-2.05, 2.20, -1.27)	3.435226	226.401	152.6695	167.1808	0	25.63139	-11.41962	22.9469	0	0	0	0
